{
	"credit": "Made with Blockbench",
	"textures": {
		"0": "item/bamboo_chest_raft",
		"particle": "item/bamboo_chest_raft"
	},
	"elements": [
		{
			"from": [11.85355, 0.5, 3.85355],
			"to": [31.85355, 1.5, 4.35355],
			"rotation": {"angle": -45, "axis": "y", "origin": [20.55355, 0.75, 3.60355]},
			"faces": {
				"north": {"uv": [1, 9, 7, 15], "rotation": 180, "texture": "#0"},
				"east": {"uv": [1, 9, 7, 15], "rotation": 90, "texture": "#0"},
				"south": {"uv": [1, 9, 7, 15], "texture": "#0"},
				"west": {"uv": [1, 9, 7, 15], "rotation": 270, "texture": "#0"},
				"up": {"uv": [1, 9, 7, 15], "texture": "#0"},
				"down": {"uv": [1, 9, 7, 15], "rotation": 180, "texture": "#0"}
			}
		},
		{
			"from": [11.85355, 0.5, 2.85355],
			"to": [31.85355, 1.5, 3.35355],
			"rotation": {"angle": -45, "axis": "y", "origin": [20.55355, 0.75, 3.60355]},
			"faces": {
				"north": {"uv": [1, 9, 7, 15], "rotation": 180, "texture": "#0"},
				"east": {"uv": [1, 9, 7, 15], "rotation": 90, "texture": "#0"},
				"south": {"uv": [1, 9, 7, 15], "texture": "#0"},
				"west": {"uv": [1, 9, 7, 15], "rotation": 270, "texture": "#0"},
				"up": {"uv": [1, 9, 7, 15], "texture": "#0"},
				"down": {"uv": [1, 9, 7, 15], "rotation": 180, "texture": "#0"}
			}
		},
		{
			"from": [12.85355, 1.5, 2.85355],
			"to": [13.35355, 2, 4.35355],
			"rotation": {"angle": -45, "axis": "y", "origin": [20.55355, 0.75, 3.60355]},
			"faces": {
				"north": {"uv": [1, 1, 7, 7], "rotation": 180, "texture": "#0"},
				"east": {"uv": [1, 1, 7, 7], "rotation": 90, "texture": "#0"},
				"south": {"uv": [1, 1, 7, 7], "texture": "#0"},
				"west": {"uv": [1, 1, 7, 7], "rotation": 270, "texture": "#0"},
				"up": {"uv": [1, 1, 7, 7], "texture": "#0"},
				"down": {"uv": [1, 1, 7, 7], "rotation": 180, "texture": "#0"}
			}
		},
		{
			"from": [30.25355, 1.5, 2.85355],
			"to": [30.75355, 2, 4.35355],
			"rotation": {"angle": -45, "axis": "y", "origin": [20.55355, 0.75, 3.60355]},
			"faces": {
				"north": {"uv": [1, 1, 7, 7], "rotation": 180, "texture": "#0"},
				"east": {"uv": [1, 1, 7, 7], "rotation": 90, "texture": "#0"},
				"south": {"uv": [1, 1, 7, 7], "texture": "#0"},
				"west": {"uv": [1, 1, 7, 7], "rotation": 270, "texture": "#0"},
				"up": {"uv": [1, 1, 7, 7], "texture": "#0"},
				"down": {"uv": [1, 1, 7, 7], "rotation": 180, "texture": "#0"}
			}
		},
		{
			"from": [12.85355, 0.5, 4.35355],
			"to": [13.35355, 1.5, 4.85355],
			"rotation": {"angle": -45, "axis": "y", "origin": [20.55355, 0.75, 3.60355]},
			"faces": {
				"north": {"uv": [1, 1, 7, 7], "rotation": 180, "texture": "#0"},
				"east": {"uv": [1, 1, 7, 7], "rotation": 90, "texture": "#0"},
				"south": {"uv": [1, 1, 7, 7], "texture": "#0"},
				"west": {"uv": [1, 1, 7, 7], "rotation": 270, "texture": "#0"},
				"up": {"uv": [1, 1, 7, 7], "texture": "#0"},
				"down": {"uv": [1, 1, 7, 7], "rotation": 180, "texture": "#0"}
			}
		},
		{
			"from": [30.25355, 0.5, 4.35355],
			"to": [30.75355, 1.5, 4.85355],
			"rotation": {"angle": -45, "axis": "y", "origin": [20.55355, 0.75, 3.60355]},
			"faces": {
				"north": {"uv": [1, 1, 7, 7], "rotation": 180, "texture": "#0"},
				"east": {"uv": [1, 1, 7, 7], "rotation": 90, "texture": "#0"},
				"south": {"uv": [1, 1, 7, 7], "texture": "#0"},
				"west": {"uv": [1, 1, 7, 7], "rotation": 270, "texture": "#0"},
				"up": {"uv": [1, 1, 7, 7], "texture": "#0"},
				"down": {"uv": [1, 1, 7, 7], "rotation": 180, "texture": "#0"}
			}
		},
		{
			"from": [12.85355, 0.5, 2.35355],
			"to": [13.35355, 1.5, 2.85355],
			"rotation": {"angle": -45, "axis": "y", "origin": [20.55355, 0.75, 3.60355]},
			"faces": {
				"north": {"uv": [1, 1, 7, 7], "rotation": 180, "texture": "#0"},
				"east": {"uv": [1, 1, 7, 7], "rotation": 90, "texture": "#0"},
				"south": {"uv": [1, 1, 7, 7], "texture": "#0"},
				"west": {"uv": [1, 1, 7, 7], "rotation": 270, "texture": "#0"},
				"up": {"uv": [1, 1, 7, 7], "texture": "#0"},
				"down": {"uv": [1, 1, 7, 7], "rotation": 180, "texture": "#0"}
			}
		},
		{
			"from": [30.25355, 0.5, 2.35355],
			"to": [30.75355, 1.5, 2.85355],
			"rotation": {"angle": -45, "axis": "y", "origin": [20.55355, 0.75, 3.60355]},
			"faces": {
				"north": {"uv": [1, 1, 7, 7], "rotation": 180, "texture": "#0"},
				"east": {"uv": [1, 1, 7, 7], "rotation": 90, "texture": "#0"},
				"south": {"uv": [1, 1, 7, 7], "texture": "#0"},
				"west": {"uv": [1, 1, 7, 7], "rotation": 270, "texture": "#0"},
				"up": {"uv": [1, 1, 7, 7], "texture": "#0"},
				"down": {"uv": [1, 1, 7, 7], "rotation": 180, "texture": "#0"}
			}
		},
		{
			"from": [12.85355, 0, 2.85355],
			"to": [13.35355, 0.5, 4.35355],
			"rotation": {"angle": -45, "axis": "y", "origin": [20.55355, 0.75, 3.60355]},
			"faces": {
				"north": {"uv": [1, 1, 7, 7], "rotation": 180, "texture": "#0"},
				"east": {"uv": [1, 1, 7, 7], "rotation": 90, "texture": "#0"},
				"south": {"uv": [1, 1, 7, 7], "texture": "#0"},
				"west": {"uv": [1, 1, 7, 7], "rotation": 270, "texture": "#0"},
				"up": {"uv": [1, 1, 7, 7], "texture": "#0"},
				"down": {"uv": [1, 1, 7, 7], "rotation": 180, "texture": "#0"}
			}
		},
		{
			"from": [11.85355, 0.7, 2.35355],
			"to": [31.85355, 1.2, 2.85355],
			"rotation": {"angle": -45, "axis": "y", "origin": [20.55355, 0.75, 3.60355]},
			"faces": {
				"north": {"uv": [1, 1, 7, 7], "rotation": 180, "texture": "#0"},
				"east": {"uv": [1, 1, 7, 7], "rotation": 90, "texture": "#0"},
				"south": {"uv": [1, 1, 7, 7], "texture": "#0"},
				"west": {"uv": [1, 1, 7, 7], "rotation": 270, "texture": "#0"},
				"up": {"uv": [1, 1, 7, 7], "texture": "#0"},
				"down": {"uv": [1, 1, 7, 7], "rotation": 180, "texture": "#0"}
			}
		},
		{
			"from": [30.25355, 0, 2.85355],
			"to": [30.75355, 0.5, 4.35355],
			"rotation": {"angle": -45, "axis": "y", "origin": [20.55355, 0.75, 3.60355]},
			"faces": {
				"north": {"uv": [1, 1, 7, 7], "rotation": 180, "texture": "#0"},
				"east": {"uv": [1, 1, 7, 7], "rotation": 90, "texture": "#0"},
				"south": {"uv": [1, 1, 7, 7], "texture": "#0"},
				"west": {"uv": [1, 1, 7, 7], "rotation": 270, "texture": "#0"},
				"up": {"uv": [1, 1, 7, 7], "texture": "#0"},
				"down": {"uv": [1, 1, 7, 7], "rotation": 180, "texture": "#0"}
			}
		},
		{
			"name": "Center",
			"from": [10.35355, 1.5, 3.35355],
			"to": [10.85355, 2, 3.85355],
			"rotation": {"angle": -45, "axis": "y", "origin": [20.55355, 1.25, 3.60355]},
			"faces": {
				"north": {"uv": [9, 1, 15, 7], "texture": "#0"},
				"east": {"uv": [9, 1, 15, 7], "texture": "#0"},
				"south": {"uv": [9, 1, 15, 7], "texture": "#0"},
				"west": {"uv": [9, 1, 15, 7], "texture": "#0"},
				"up": {"uv": [9, 1, 15, 7], "texture": "#0"},
				"down": {"uv": [9, 1, 15, 7], "texture": "#0"}
			}
		},
		{
			"name": "Center",
			"from": [8.85355, 1.5, 2.85355],
			"to": [10.35355, 2, 4.35355],
			"rotation": {"angle": -45, "axis": "y", "origin": [20.55355, 1.25, 3.60355]},
			"faces": {
				"north": {"uv": [1, 9, 7, 15], "texture": "#0"},
				"east": {"uv": [1, 9, 7, 15], "texture": "#0"},
				"south": {"uv": [1, 9, 7, 15], "texture": "#0"},
				"west": {"uv": [1, 9, 7, 15], "texture": "#0"},
				"up": {"uv": [1, 9, 7, 15], "texture": "#0"},
				"down": {"uv": [1, 9, 7, 15], "texture": "#0"}
			}
		},
		{
			"name": "Center",
			"from": [10.85355, 1.5, 2.85355],
			"to": [12.35355, 2, 4.35355],
			"rotation": {"angle": -45, "axis": "y", "origin": [20.55355, 1.25, 3.60355]},
			"faces": {
				"north": {"uv": [1, 9, 7, 15], "texture": "#0"},
				"east": {"uv": [1, 9, 7, 15], "texture": "#0"},
				"south": {"uv": [1, 9, 7, 15], "texture": "#0"},
				"west": {"uv": [1, 9, 7, 15], "texture": "#0"},
				"up": {"uv": [1, 9, 7, 15], "texture": "#0"},
				"down": {"uv": [1, 9, 7, 15], "texture": "#0"}
			}
		},
		{
			"name": "Center",
			"from": [9.85355, 1.5, 3.85355],
			"to": [11.35355, 2, 5.35355],
			"rotation": {"angle": -45, "axis": "y", "origin": [20.55355, 1.25, 3.60355]},
			"faces": {
				"north": {"uv": [1, 9, 7, 15], "texture": "#0"},
				"east": {"uv": [1, 9, 7, 15], "texture": "#0"},
				"south": {"uv": [1, 9, 7, 15], "texture": "#0"},
				"west": {"uv": [1, 9, 7, 15], "texture": "#0"},
				"up": {"uv": [1, 9, 7, 15], "texture": "#0"},
				"down": {"uv": [1, 9, 7, 15], "texture": "#0"}
			}
		},
		{
			"name": "Center",
			"from": [9.85355, 1.5, 1.85355],
			"to": [11.35355, 2, 3.35355],
			"rotation": {"angle": -45, "axis": "y", "origin": [20.55355, 1.25, 3.60355]},
			"faces": {
				"north": {"uv": [1, 9, 7, 15], "texture": "#0"},
				"east": {"uv": [1, 9, 7, 15], "texture": "#0"},
				"south": {"uv": [1, 9, 7, 15], "texture": "#0"},
				"west": {"uv": [1, 9, 7, 15], "texture": "#0"},
				"up": {"uv": [1, 9, 7, 15], "texture": "#0"},
				"down": {"uv": [1, 9, 7, 15], "texture": "#0"}
			}
		},
		{
			"name": "Center",
			"from": [11.35355, 1.5, 2.35355],
			"to": [11.85355, 2, 4.85355],
			"rotation": {"angle": -45, "axis": "y", "origin": [20.55355, 1.25, 3.60355]},
			"faces": {
				"north": {"uv": [1, 9, 7, 15], "texture": "#0"},
				"east": {"uv": [1, 9, 7, 15], "texture": "#0"},
				"south": {"uv": [1, 9, 7, 15], "texture": "#0"},
				"west": {"uv": [1, 9, 7, 15], "texture": "#0"},
				"up": {"uv": [1, 9, 7, 15], "texture": "#0"},
				"down": {"uv": [1, 9, 7, 15], "texture": "#0"}
			}
		},
		{
			"name": "Center",
			"from": [9.35355, 1.5, 2.35355],
			"to": [9.85355, 2, 4.85355],
			"rotation": {"angle": -45, "axis": "y", "origin": [20.55355, 1.25, 3.60355]},
			"faces": {
				"north": {"uv": [1, 9, 7, 15], "texture": "#0"},
				"east": {"uv": [1, 9, 7, 15], "texture": "#0"},
				"south": {"uv": [1, 9, 7, 15], "texture": "#0"},
				"west": {"uv": [1, 9, 7, 15], "texture": "#0"},
				"up": {"uv": [1, 9, 7, 15], "texture": "#0"},
				"down": {"uv": [1, 9, 7, 15], "texture": "#0"}
			}
		},
		{
			"name": "Center",
			"from": [10.35355, 0, 3.35355],
			"to": [10.85355, 0.5, 3.85355],
			"rotation": {"angle": -45, "axis": "y", "origin": [20.55355, 1.25, 3.60355]},
			"faces": {
				"north": {"uv": [9, 1, 15, 7], "texture": "#0"},
				"east": {"uv": [9, 1, 15, 7], "texture": "#0"},
				"south": {"uv": [9, 1, 15, 7], "texture": "#0"},
				"west": {"uv": [9, 1, 15, 7], "texture": "#0"},
				"up": {"uv": [9, 1, 15, 7], "texture": "#0"},
				"down": {"uv": [9, 1, 15, 7], "texture": "#0"}
			}
		},
		{
			"name": "Center",
			"from": [8.85355, 0, 2.85355],
			"to": [10.35355, 0.5, 4.35355],
			"rotation": {"angle": -45, "axis": "y", "origin": [20.55355, 1.25, 3.60355]},
			"faces": {
				"north": {"uv": [1, 9, 7, 15], "texture": "#0"},
				"east": {"uv": [1, 9, 7, 15], "texture": "#0"},
				"south": {"uv": [1, 9, 7, 15], "texture": "#0"},
				"west": {"uv": [1, 9, 7, 15], "texture": "#0"},
				"up": {"uv": [1, 9, 7, 15], "texture": "#0"},
				"down": {"uv": [1, 9, 7, 15], "texture": "#0"}
			}
		},
		{
			"name": "Center",
			"from": [10.85355, 0, 2.85355],
			"to": [12.35355, 0.5, 4.35355],
			"rotation": {"angle": -45, "axis": "y", "origin": [20.55355, 1.25, 3.60355]},
			"faces": {
				"north": {"uv": [1, 9, 7, 15], "texture": "#0"},
				"east": {"uv": [1, 9, 7, 15], "texture": "#0"},
				"south": {"uv": [1, 9, 7, 15], "texture": "#0"},
				"west": {"uv": [1, 9, 7, 15], "texture": "#0"},
				"up": {"uv": [1, 9, 7, 15], "texture": "#0"},
				"down": {"uv": [1, 9, 7, 15], "texture": "#0"}
			}
		},
		{
			"name": "Center",
			"from": [9.85355, 0, 3.85355],
			"to": [11.35355, 0.5, 5.35355],
			"rotation": {"angle": -45, "axis": "y", "origin": [20.55355, 1.25, 3.60355]},
			"faces": {
				"north": {"uv": [1, 9, 7, 15], "texture": "#0"},
				"east": {"uv": [1, 9, 7, 15], "texture": "#0"},
				"south": {"uv": [1, 9, 7, 15], "texture": "#0"},
				"west": {"uv": [1, 9, 7, 15], "texture": "#0"},
				"up": {"uv": [1, 9, 7, 15], "texture": "#0"},
				"down": {"uv": [1, 9, 7, 15], "texture": "#0"}
			}
		},
		{
			"name": "Center",
			"from": [9.85355, 0, 1.85355],
			"to": [11.35355, 0.5, 3.35355],
			"rotation": {"angle": -45, "axis": "y", "origin": [20.55355, 1.25, 3.60355]},
			"faces": {
				"north": {"uv": [1, 9, 7, 15], "texture": "#0"},
				"east": {"uv": [1, 9, 7, 15], "texture": "#0"},
				"south": {"uv": [1, 9, 7, 15], "texture": "#0"},
				"west": {"uv": [1, 9, 7, 15], "texture": "#0"},
				"up": {"uv": [1, 9, 7, 15], "texture": "#0"},
				"down": {"uv": [1, 9, 7, 15], "texture": "#0"}
			}
		},
		{
			"name": "Center",
			"from": [11.35355, 0, 2.35355],
			"to": [11.85355, 0.5, 4.85355],
			"rotation": {"angle": -45, "axis": "y", "origin": [20.55355, 1.25, 3.60355]},
			"faces": {
				"north": {"uv": [1, 9, 7, 15], "texture": "#0"},
				"east": {"uv": [1, 9, 7, 15], "texture": "#0"},
				"south": {"uv": [1, 9, 7, 15], "texture": "#0"},
				"west": {"uv": [1, 9, 7, 15], "texture": "#0"},
				"up": {"uv": [1, 9, 7, 15], "texture": "#0"},
				"down": {"uv": [1, 9, 7, 15], "texture": "#0"}
			}
		},
		{
			"name": "Center",
			"from": [9.35355, 0, 2.35355],
			"to": [9.85355, 0.5, 4.85355],
			"rotation": {"angle": -45, "axis": "y", "origin": [20.55355, 1.25, 3.60355]},
			"faces": {
				"north": {"uv": [1, 9, 7, 15], "texture": "#0"},
				"east": {"uv": [1, 9, 7, 15], "texture": "#0"},
				"south": {"uv": [1, 9, 7, 15], "texture": "#0"},
				"west": {"uv": [1, 9, 7, 15], "texture": "#0"},
				"up": {"uv": [1, 9, 7, 15], "texture": "#0"},
				"down": {"uv": [1, 9, 7, 15], "texture": "#0"}
			}
		},
		{
			"name": "Center",
			"from": [9.85355, 0.5, 2.35355],
			"to": [11.35355, 1.5, 4.85355],
			"rotation": {"angle": -45, "axis": "y", "origin": [20.55355, 1.25, 3.60355]},
			"faces": {
				"north": {"uv": [1, 9, 7, 15], "texture": "#0"},
				"east": {"uv": [1, 9, 7, 15], "texture": "#0"},
				"south": {"uv": [1, 9, 7, 15], "texture": "#0"},
				"west": {"uv": [1, 9, 7, 15], "texture": "#0"},
				"up": {"uv": [1, 9, 7, 15], "texture": "#0"},
				"down": {"uv": [1, 9, 7, 15], "texture": "#0"}
			}
		},
		{
			"name": "Center",
			"from": [9.35355, 0.5, 2.85355],
			"to": [11.85355, 1.5, 4.35355],
			"rotation": {"angle": -45, "axis": "y", "origin": [20.55355, 1.25, 3.60355]},
			"faces": {
				"north": {"uv": [1, 9, 7, 15], "texture": "#0"},
				"east": {"uv": [1, 9, 7, 15], "texture": "#0"},
				"south": {"uv": [1, 9, 7, 15], "texture": "#0"},
				"west": {"uv": [1, 9, 7, 15], "texture": "#0"},
				"up": {"uv": [1, 9, 7, 15], "texture": "#0"},
				"down": {"uv": [1, 9, 7, 15], "texture": "#0"}
			}
		},
		{
			"from": [-6.66704, 0.5, 1.45711],
			"to": [13.33296, 1.5, 1.95711],
			"rotation": {"angle": 22.5, "axis": "y", "origin": [1.78296, 0.75, 1.10355]},
			"faces": {
				"north": {"uv": [1, 9, 7, 15], "rotation": 180, "texture": "#0"},
				"east": {"uv": [1, 9, 7, 15], "rotation": 90, "texture": "#0"},
				"south": {"uv": [1, 9, 7, 15], "texture": "#0"},
				"west": {"uv": [1, 9, 7, 15], "rotation": 270, "texture": "#0"},
				"up": {"uv": [1, 9, 7, 15], "texture": "#0"},
				"down": {"uv": [1, 9, 7, 15], "rotation": 180, "texture": "#0"}
			}
		},
		{
			"from": [-6.66704, 0.5, 0.45711],
			"to": [13.33296, 1.5, 0.95711],
			"rotation": {"angle": 22.5, "axis": "y", "origin": [1.78296, 0.75, 1.10355]},
			"faces": {
				"north": {"uv": [1, 9, 7, 15], "rotation": 180, "texture": "#0"},
				"east": {"uv": [1, 9, 7, 15], "rotation": 90, "texture": "#0"},
				"south": {"uv": [1, 9, 7, 15], "texture": "#0"},
				"west": {"uv": [1, 9, 7, 15], "rotation": 270, "texture": "#0"},
				"up": {"uv": [1, 9, 7, 15], "texture": "#0"},
				"down": {"uv": [1, 9, 7, 15], "rotation": 180, "texture": "#0"}
			}
		},
		{
			"from": [-5.66704, 1.5, 0.45711],
			"to": [-5.16704, 2, 1.95711],
			"rotation": {"angle": 22.5, "axis": "y", "origin": [1.78296, 0.75, 1.10355]},
			"faces": {
				"north": {"uv": [1, 1, 7, 7], "rotation": 180, "texture": "#0"},
				"east": {"uv": [1, 1, 7, 7], "rotation": 90, "texture": "#0"},
				"south": {"uv": [1, 1, 7, 7], "texture": "#0"},
				"west": {"uv": [1, 1, 7, 7], "rotation": 270, "texture": "#0"},
				"up": {"uv": [1, 1, 7, 7], "texture": "#0"},
				"down": {"uv": [1, 1, 7, 7], "rotation": 180, "texture": "#0"}
			}
		},
		{
			"from": [11.73296, 1.5, 0.45711],
			"to": [12.23296, 2, 1.95711],
			"rotation": {"angle": 22.5, "axis": "y", "origin": [1.78296, 0.75, 1.10355]},
			"faces": {
				"north": {"uv": [1, 1, 7, 7], "rotation": 180, "texture": "#0"},
				"east": {"uv": [1, 1, 7, 7], "rotation": 90, "texture": "#0"},
				"south": {"uv": [1, 1, 7, 7], "texture": "#0"},
				"west": {"uv": [1, 1, 7, 7], "rotation": 270, "texture": "#0"},
				"up": {"uv": [1, 1, 7, 7], "texture": "#0"},
				"down": {"uv": [1, 1, 7, 7], "rotation": 180, "texture": "#0"}
			}
		},
		{
			"from": [-5.66704, 0.5, 1.95711],
			"to": [-5.16704, 1.5, 2.45711],
			"rotation": {"angle": 22.5, "axis": "y", "origin": [1.78296, 0.75, 1.10355]},
			"faces": {
				"north": {"uv": [1, 1, 7, 7], "rotation": 180, "texture": "#0"},
				"east": {"uv": [1, 1, 7, 7], "rotation": 90, "texture": "#0"},
				"south": {"uv": [1, 1, 7, 7], "texture": "#0"},
				"west": {"uv": [1, 1, 7, 7], "rotation": 270, "texture": "#0"},
				"up": {"uv": [1, 1, 7, 7], "texture": "#0"},
				"down": {"uv": [1, 1, 7, 7], "rotation": 180, "texture": "#0"}
			}
		},
		{
			"from": [11.73296, 0.5, 1.95711],
			"to": [12.23296, 1.5, 2.45711],
			"rotation": {"angle": 22.5, "axis": "y", "origin": [1.78296, 0.75, 1.10355]},
			"faces": {
				"north": {"uv": [1, 1, 7, 7], "rotation": 180, "texture": "#0"},
				"east": {"uv": [1, 1, 7, 7], "rotation": 90, "texture": "#0"},
				"south": {"uv": [1, 1, 7, 7], "texture": "#0"},
				"west": {"uv": [1, 1, 7, 7], "rotation": 270, "texture": "#0"},
				"up": {"uv": [1, 1, 7, 7], "texture": "#0"},
				"down": {"uv": [1, 1, 7, 7], "rotation": 180, "texture": "#0"}
			}
		},
		{
			"from": [-5.66704, 0.5, -0.04289],
			"to": [-5.16704, 1.5, 0.45711],
			"rotation": {"angle": 22.5, "axis": "y", "origin": [1.78296, 0.75, 1.10355]},
			"faces": {
				"north": {"uv": [1, 1, 7, 7], "rotation": 180, "texture": "#0"},
				"east": {"uv": [1, 1, 7, 7], "rotation": 90, "texture": "#0"},
				"south": {"uv": [1, 1, 7, 7], "texture": "#0"},
				"west": {"uv": [1, 1, 7, 7], "rotation": 270, "texture": "#0"},
				"up": {"uv": [1, 1, 7, 7], "texture": "#0"},
				"down": {"uv": [1, 1, 7, 7], "rotation": 180, "texture": "#0"}
			}
		},
		{
			"from": [11.73296, 0.5, -0.04289],
			"to": [12.23296, 1.5, 0.45711],
			"rotation": {"angle": 22.5, "axis": "y", "origin": [1.78296, 0.75, 1.10355]},
			"faces": {
				"north": {"uv": [1, 1, 7, 7], "rotation": 180, "texture": "#0"},
				"east": {"uv": [1, 1, 7, 7], "rotation": 90, "texture": "#0"},
				"south": {"uv": [1, 1, 7, 7], "texture": "#0"},
				"west": {"uv": [1, 1, 7, 7], "rotation": 270, "texture": "#0"},
				"up": {"uv": [1, 1, 7, 7], "texture": "#0"},
				"down": {"uv": [1, 1, 7, 7], "rotation": 180, "texture": "#0"}
			}
		},
		{
			"from": [-5.66704, 0, 0.45711],
			"to": [-5.16704, 0.5, 1.95711],
			"rotation": {"angle": 22.5, "axis": "y", "origin": [1.78296, 0.75, 1.10355]},
			"faces": {
				"north": {"uv": [1, 1, 7, 7], "rotation": 180, "texture": "#0"},
				"east": {"uv": [1, 1, 7, 7], "rotation": 90, "texture": "#0"},
				"south": {"uv": [1, 1, 7, 7], "texture": "#0"},
				"west": {"uv": [1, 1, 7, 7], "rotation": 270, "texture": "#0"},
				"up": {"uv": [1, 1, 7, 7], "texture": "#0"},
				"down": {"uv": [1, 1, 7, 7], "rotation": 180, "texture": "#0"}
			}
		},
		{
			"from": [-6.66704, 0.7, -0.04289],
			"to": [13.33296, 1.2, 0.45711],
			"rotation": {"angle": 22.5, "axis": "y", "origin": [1.78296, 0.75, 1.10355]},
			"faces": {
				"north": {"uv": [1, 1, 7, 7], "rotation": 180, "texture": "#0"},
				"east": {"uv": [1, 1, 7, 7], "rotation": 90, "texture": "#0"},
				"south": {"uv": [1, 1, 7, 7], "texture": "#0"},
				"west": {"uv": [1, 1, 7, 7], "rotation": 270, "texture": "#0"},
				"up": {"uv": [1, 1, 7, 7], "texture": "#0"},
				"down": {"uv": [1, 1, 7, 7], "rotation": 180, "texture": "#0"}
			}
		},
		{
			"from": [11.73296, 0, 0.45711],
			"to": [12.23296, 0.5, 1.95711],
			"rotation": {"angle": 22.5, "axis": "y", "origin": [1.78296, 0.75, 1.10355]},
			"faces": {
				"north": {"uv": [1, 1, 7, 7], "rotation": 180, "texture": "#0"},
				"east": {"uv": [1, 1, 7, 7], "rotation": 90, "texture": "#0"},
				"south": {"uv": [1, 1, 7, 7], "texture": "#0"},
				"west": {"uv": [1, 1, 7, 7], "rotation": 270, "texture": "#0"},
				"up": {"uv": [1, 1, 7, 7], "texture": "#0"},
				"down": {"uv": [1, 1, 7, 7], "rotation": 180, "texture": "#0"}
			}
		},
		{
			"name": "Center",
			"from": [-8.16704, 1.5, 0.95711],
			"to": [-7.66704, 2, 1.45711],
			"rotation": {"angle": 22.5, "axis": "y", "origin": [1.78296, 1.25, 1.10355]},
			"faces": {
				"north": {"uv": [9, 1, 15, 7], "texture": "#0"},
				"east": {"uv": [9, 1, 15, 7], "texture": "#0"},
				"south": {"uv": [9, 1, 15, 7], "texture": "#0"},
				"west": {"uv": [9, 1, 15, 7], "texture": "#0"},
				"up": {"uv": [9, 1, 15, 7], "texture": "#0"},
				"down": {"uv": [9, 1, 15, 7], "texture": "#0"}
			}
		},
		{
			"name": "Center",
			"from": [-9.66704, 1.5, 0.45711],
			"to": [-8.16704, 2, 1.95711],
			"rotation": {"angle": 22.5, "axis": "y", "origin": [1.78296, 1.25, 1.10355]},
			"faces": {
				"north": {"uv": [1, 9, 7, 15], "texture": "#0"},
				"east": {"uv": [1, 9, 7, 15], "texture": "#0"},
				"south": {"uv": [1, 9, 7, 15], "texture": "#0"},
				"west": {"uv": [1, 9, 7, 15], "texture": "#0"},
				"up": {"uv": [1, 9, 7, 15], "texture": "#0"},
				"down": {"uv": [1, 9, 7, 15], "texture": "#0"}
			}
		},
		{
			"name": "Center",
			"from": [-7.66704, 1.5, 0.45711],
			"to": [-6.16704, 2, 1.95711],
			"rotation": {"angle": 22.5, "axis": "y", "origin": [1.78296, 1.25, 1.10355]},
			"faces": {
				"north": {"uv": [1, 9, 7, 15], "texture": "#0"},
				"east": {"uv": [1, 9, 7, 15], "texture": "#0"},
				"south": {"uv": [1, 9, 7, 15], "texture": "#0"},
				"west": {"uv": [1, 9, 7, 15], "texture": "#0"},
				"up": {"uv": [1, 9, 7, 15], "texture": "#0"},
				"down": {"uv": [1, 9, 7, 15], "texture": "#0"}
			}
		},
		{
			"name": "Center",
			"from": [-8.66704, 1.5, 1.45711],
			"to": [-7.16704, 2, 2.95711],
			"rotation": {"angle": 22.5, "axis": "y", "origin": [1.78296, 1.25, 1.10355]},
			"faces": {
				"north": {"uv": [1, 9, 7, 15], "texture": "#0"},
				"east": {"uv": [1, 9, 7, 15], "texture": "#0"},
				"south": {"uv": [1, 9, 7, 15], "texture": "#0"},
				"west": {"uv": [1, 9, 7, 15], "texture": "#0"},
				"up": {"uv": [1, 9, 7, 15], "texture": "#0"},
				"down": {"uv": [1, 9, 7, 15], "texture": "#0"}
			}
		},
		{
			"name": "Center",
			"from": [-8.66704, 1.5, -0.54289],
			"to": [-7.16704, 2, 0.95711],
			"rotation": {"angle": 22.5, "axis": "y", "origin": [1.78296, 1.25, 1.10355]},
			"faces": {
				"north": {"uv": [1, 9, 7, 15], "texture": "#0"},
				"east": {"uv": [1, 9, 7, 15], "texture": "#0"},
				"south": {"uv": [1, 9, 7, 15], "texture": "#0"},
				"west": {"uv": [1, 9, 7, 15], "texture": "#0"},
				"up": {"uv": [1, 9, 7, 15], "texture": "#0"},
				"down": {"uv": [1, 9, 7, 15], "texture": "#0"}
			}
		},
		{
			"name": "Center",
			"from": [-7.16704, 1.5, -0.04289],
			"to": [-6.66704, 2, 2.45711],
			"rotation": {"angle": 22.5, "axis": "y", "origin": [1.78296, 1.25, 1.10355]},
			"faces": {
				"north": {"uv": [1, 9, 7, 15], "texture": "#0"},
				"east": {"uv": [1, 9, 7, 15], "texture": "#0"},
				"south": {"uv": [1, 9, 7, 15], "texture": "#0"},
				"west": {"uv": [1, 9, 7, 15], "texture": "#0"},
				"up": {"uv": [1, 9, 7, 15], "texture": "#0"},
				"down": {"uv": [1, 9, 7, 15], "texture": "#0"}
			}
		},
		{
			"name": "Center",
			"from": [-9.16704, 1.5, -0.04289],
			"to": [-8.66704, 2, 2.45711],
			"rotation": {"angle": 22.5, "axis": "y", "origin": [1.78296, 1.25, 1.10355]},
			"faces": {
				"north": {"uv": [1, 9, 7, 15], "texture": "#0"},
				"east": {"uv": [1, 9, 7, 15], "texture": "#0"},
				"south": {"uv": [1, 9, 7, 15], "texture": "#0"},
				"west": {"uv": [1, 9, 7, 15], "texture": "#0"},
				"up": {"uv": [1, 9, 7, 15], "texture": "#0"},
				"down": {"uv": [1, 9, 7, 15], "texture": "#0"}
			}
		},
		{
			"name": "Center",
			"from": [-8.16704, 0, 0.95711],
			"to": [-7.66704, 0.5, 1.45711],
			"rotation": {"angle": 22.5, "axis": "y", "origin": [1.78296, 1.25, 1.10355]},
			"faces": {
				"north": {"uv": [9, 1, 15, 7], "texture": "#0"},
				"east": {"uv": [9, 1, 15, 7], "texture": "#0"},
				"south": {"uv": [9, 1, 15, 7], "texture": "#0"},
				"west": {"uv": [9, 1, 15, 7], "texture": "#0"},
				"up": {"uv": [9, 1, 15, 7], "texture": "#0"},
				"down": {"uv": [9, 1, 15, 7], "texture": "#0"}
			}
		},
		{
			"name": "Center",
			"from": [-9.66704, 0, 0.45711],
			"to": [-8.16704, 0.5, 1.95711],
			"rotation": {"angle": 22.5, "axis": "y", "origin": [1.78296, 1.25, 1.10355]},
			"faces": {
				"north": {"uv": [1, 9, 7, 15], "texture": "#0"},
				"east": {"uv": [1, 9, 7, 15], "texture": "#0"},
				"south": {"uv": [1, 9, 7, 15], "texture": "#0"},
				"west": {"uv": [1, 9, 7, 15], "texture": "#0"},
				"up": {"uv": [1, 9, 7, 15], "texture": "#0"},
				"down": {"uv": [1, 9, 7, 15], "texture": "#0"}
			}
		},
		{
			"name": "Center",
			"from": [-7.66704, 0, 0.45711],
			"to": [-6.16704, 0.5, 1.95711],
			"rotation": {"angle": 22.5, "axis": "y", "origin": [1.78296, 1.25, 1.10355]},
			"faces": {
				"north": {"uv": [1, 9, 7, 15], "texture": "#0"},
				"east": {"uv": [1, 9, 7, 15], "texture": "#0"},
				"south": {"uv": [1, 9, 7, 15], "texture": "#0"},
				"west": {"uv": [1, 9, 7, 15], "texture": "#0"},
				"up": {"uv": [1, 9, 7, 15], "texture": "#0"},
				"down": {"uv": [1, 9, 7, 15], "texture": "#0"}
			}
		},
		{
			"name": "Center",
			"from": [-8.66704, 0, 1.45711],
			"to": [-7.16704, 0.5, 2.95711],
			"rotation": {"angle": 22.5, "axis": "y", "origin": [1.78296, 1.25, 1.10355]},
			"faces": {
				"north": {"uv": [1, 9, 7, 15], "texture": "#0"},
				"east": {"uv": [1, 9, 7, 15], "texture": "#0"},
				"south": {"uv": [1, 9, 7, 15], "texture": "#0"},
				"west": {"uv": [1, 9, 7, 15], "texture": "#0"},
				"up": {"uv": [1, 9, 7, 15], "texture": "#0"},
				"down": {"uv": [1, 9, 7, 15], "texture": "#0"}
			}
		},
		{
			"name": "Center",
			"from": [-8.66704, 0, -0.54289],
			"to": [-7.16704, 0.5, 0.95711],
			"rotation": {"angle": 22.5, "axis": "y", "origin": [1.78296, 1.25, 1.10355]},
			"faces": {
				"north": {"uv": [1, 9, 7, 15], "texture": "#0"},
				"east": {"uv": [1, 9, 7, 15], "texture": "#0"},
				"south": {"uv": [1, 9, 7, 15], "texture": "#0"},
				"west": {"uv": [1, 9, 7, 15], "texture": "#0"},
				"up": {"uv": [1, 9, 7, 15], "texture": "#0"},
				"down": {"uv": [1, 9, 7, 15], "texture": "#0"}
			}
		},
		{
			"name": "Center",
			"from": [-7.16704, 0, -0.04289],
			"to": [-6.66704, 0.5, 2.45711],
			"rotation": {"angle": 22.5, "axis": "y", "origin": [1.78296, 1.25, 1.10355]},
			"faces": {
				"north": {"uv": [1, 9, 7, 15], "texture": "#0"},
				"east": {"uv": [1, 9, 7, 15], "texture": "#0"},
				"south": {"uv": [1, 9, 7, 15], "texture": "#0"},
				"west": {"uv": [1, 9, 7, 15], "texture": "#0"},
				"up": {"uv": [1, 9, 7, 15], "texture": "#0"},
				"down": {"uv": [1, 9, 7, 15], "texture": "#0"}
			}
		},
		{
			"name": "Center",
			"from": [-9.16704, 0, -0.04289],
			"to": [-8.66704, 0.5, 2.45711],
			"rotation": {"angle": 22.5, "axis": "y", "origin": [1.78296, 1.25, 1.10355]},
			"faces": {
				"north": {"uv": [1, 9, 7, 15], "texture": "#0"},
				"east": {"uv": [1, 9, 7, 15], "texture": "#0"},
				"south": {"uv": [1, 9, 7, 15], "texture": "#0"},
				"west": {"uv": [1, 9, 7, 15], "texture": "#0"},
				"up": {"uv": [1, 9, 7, 15], "texture": "#0"},
				"down": {"uv": [1, 9, 7, 15], "texture": "#0"}
			}
		},
		{
			"name": "Center",
			"from": [-8.66704, 0.5, -0.04289],
			"to": [-7.16704, 1.5, 2.45711],
			"rotation": {"angle": 22.5, "axis": "y", "origin": [1.78296, 1.25, 1.10355]},
			"faces": {
				"north": {"uv": [1, 9, 7, 15], "texture": "#0"},
				"east": {"uv": [1, 9, 7, 15], "texture": "#0"},
				"south": {"uv": [1, 9, 7, 15], "texture": "#0"},
				"west": {"uv": [1, 9, 7, 15], "texture": "#0"},
				"up": {"uv": [1, 9, 7, 15], "texture": "#0"},
				"down": {"uv": [1, 9, 7, 15], "texture": "#0"}
			}
		},
		{
			"name": "Center",
			"from": [-9.16704, 0.5, 0.45711],
			"to": [-6.66704, 1.5, 1.95711],
			"rotation": {"angle": 22.5, "axis": "y", "origin": [1.78296, 1.25, 1.10355]},
			"faces": {
				"north": {"uv": [1, 9, 7, 15], "texture": "#0"},
				"east": {"uv": [1, 9, 7, 15], "texture": "#0"},
				"south": {"uv": [1, 9, 7, 15], "texture": "#0"},
				"west": {"uv": [1, 9, 7, 15], "texture": "#0"},
				"up": {"uv": [1, 9, 7, 15], "texture": "#0"},
				"down": {"uv": [1, 9, 7, 15], "texture": "#0"}
			}
		},
		{
			"name": "Main",
			"from": [-9, -1.375, 9],
			"to": [-7, 8.125, 11],
			"rotation": {"angle": 22.5, "axis": "z", "origin": [-8.5, 2.875, 7.9375]},
			"faces": {
				"north": {"uv": [9, 1, 15, 7], "rotation": 90, "texture": "#0"},
				"east": {"uv": [9, 1, 15, 7], "rotation": 270, "texture": "#0"},
				"south": {"uv": [9, 1, 15, 7], "rotation": 270, "texture": "#0"},
				"west": {"uv": [9, 1, 15, 7], "rotation": 270, "texture": "#0"},
				"up": {"uv": [9, 1, 15, 7], "rotation": 270, "texture": "#0"},
				"down": {"uv": [9, 1, 15, 7], "rotation": 270, "texture": "#0"}
			}
		},
		{
			"from": [-9, 7.125, 8.5],
			"to": [-7, 7.625, 11.5],
			"rotation": {"angle": 22.5, "axis": "z", "origin": [-8.5, 2.875, 7.9375]},
			"faces": {
				"north": {"uv": [9, 9, 15, 15], "rotation": 90, "texture": "#0"},
				"east": {"uv": [9, 9, 15, 15], "rotation": 270, "texture": "#0"},
				"south": {"uv": [9, 9, 15, 15], "rotation": 270, "texture": "#0"},
				"west": {"uv": [9, 9, 15, 15], "rotation": 270, "texture": "#0"},
				"up": {"uv": [9, 9, 15, 15], "rotation": 270, "texture": "#0"},
				"down": {"uv": [9, 9, 15, 15], "rotation": 270, "texture": "#0"}
			}
		},
		{
			"from": [-9, 5.625, 8.5],
			"to": [-7, 6.125, 11.5],
			"rotation": {"angle": 22.5, "axis": "z", "origin": [-8.5, 2.875, 7.9375]},
			"faces": {
				"north": {"uv": [9, 9, 15, 15], "rotation": 90, "texture": "#0"},
				"east": {"uv": [9, 9, 15, 15], "rotation": 270, "texture": "#0"},
				"south": {"uv": [9, 9, 15, 15], "rotation": 270, "texture": "#0"},
				"west": {"uv": [9, 9, 15, 15], "rotation": 270, "texture": "#0"},
				"up": {"uv": [9, 9, 15, 15], "rotation": 270, "texture": "#0"},
				"down": {"uv": [9, 9, 15, 15], "rotation": 270, "texture": "#0"}
			}
		},
		{
			"from": [-9.5, 7.125, 9],
			"to": [-6.5, 7.625, 11],
			"rotation": {"angle": 22.5, "axis": "z", "origin": [-8.5, 2.875, 7.9375]},
			"faces": {
				"north": {"uv": [9, 9, 15, 15], "rotation": 90, "texture": "#0"},
				"east": {"uv": [9, 9, 15, 15], "rotation": 270, "texture": "#0"},
				"south": {"uv": [9, 9, 15, 15], "rotation": 270, "texture": "#0"},
				"west": {"uv": [9, 9, 15, 15], "rotation": 270, "texture": "#0"},
				"up": {"uv": [9, 9, 15, 15], "rotation": 270, "texture": "#0"},
				"down": {"uv": [9, 9, 15, 15], "rotation": 270, "texture": "#0"}
			}
		},
		{
			"from": [-9.5, 5.625, 9],
			"to": [-6.5, 6.125, 11],
			"rotation": {"angle": 22.5, "axis": "z", "origin": [-8.5, 2.875, 7.9375]},
			"faces": {
				"north": {"uv": [9, 9, 15, 15], "rotation": 90, "texture": "#0"},
				"east": {"uv": [9, 9, 15, 15], "rotation": 270, "texture": "#0"},
				"south": {"uv": [9, 9, 15, 15], "rotation": 270, "texture": "#0"},
				"west": {"uv": [9, 9, 15, 15], "rotation": 270, "texture": "#0"},
				"up": {"uv": [9, 9, 15, 15], "rotation": 270, "texture": "#0"},
				"down": {"uv": [9, 9, 15, 15], "rotation": 270, "texture": "#0"}
			}
		},
		{
			"name": "Top",
			"from": [-9.5, -1.375, 9],
			"to": [-9, 4.625, 11],
			"rotation": {"angle": 22.5, "axis": "z", "origin": [-8.5, 2.875, 7.9375]},
			"faces": {
				"north": {"uv": [9, 9, 15, 15], "rotation": 90, "texture": "#0"},
				"east": {"uv": [9, 9, 15, 15], "rotation": 270, "texture": "#0"},
				"south": {"uv": [9, 9, 15, 15], "rotation": 270, "texture": "#0"},
				"west": {"uv": [9, 9, 15, 15], "rotation": 270, "texture": "#0"},
				"up": {"uv": [9, 9, 15, 15], "rotation": 270, "texture": "#0"},
				"down": {"uv": [9, 9, 15, 15], "rotation": 270, "texture": "#0"}
			}
		},
		{
			"name": "Bottom",
			"from": [-7, -1.375, 9],
			"to": [-6.5, 4.625, 11],
			"rotation": {"angle": 22.5, "axis": "z", "origin": [-8.5, 2.875, 7.9375]},
			"faces": {
				"north": {"uv": [9, 9, 15, 15], "rotation": 90, "texture": "#0"},
				"east": {"uv": [9, 9, 15, 15], "rotation": 270, "texture": "#0"},
				"south": {"uv": [9, 9, 15, 15], "rotation": 270, "texture": "#0"},
				"west": {"uv": [9, 9, 15, 15], "rotation": 270, "texture": "#0"},
				"up": {"uv": [9, 9, 15, 15], "rotation": 270, "texture": "#0"},
				"down": {"uv": [9, 9, 15, 15], "rotation": 270, "texture": "#0"}
			}
		},
		{
			"from": [-7.5, -1.375, 8.5],
			"to": [-7, 4.625, 11.5],
			"rotation": {"angle": 22.5, "axis": "z", "origin": [-8.5, 2.875, 7.9375]},
			"faces": {
				"north": {"uv": [9, 9, 15, 15], "rotation": 90, "texture": "#0"},
				"east": {"uv": [9, 9, 15, 15], "rotation": 270, "texture": "#0"},
				"south": {"uv": [9, 9, 15, 15], "rotation": 270, "texture": "#0"},
				"west": {"uv": [9, 9, 15, 15], "rotation": 270, "texture": "#0"},
				"up": {"uv": [9, 9, 15, 15], "rotation": 270, "texture": "#0"},
				"down": {"uv": [9, 9, 15, 15], "rotation": 270, "texture": "#0"}
			}
		},
		{
			"from": [-9, -1.375, 8.5],
			"to": [-8.5, 4.625, 11.5],
			"rotation": {"angle": 22.5, "axis": "z", "origin": [-8.5, 2.875, 7.9375]},
			"faces": {
				"north": {"uv": [9, 9, 15, 15], "rotation": 90, "texture": "#0"},
				"east": {"uv": [9, 9, 15, 15], "rotation": 270, "texture": "#0"},
				"south": {"uv": [9, 9, 15, 15], "rotation": 270, "texture": "#0"},
				"west": {"uv": [9, 9, 15, 15], "rotation": 270, "texture": "#0"},
				"up": {"uv": [9, 9, 15, 15], "rotation": 270, "texture": "#0"},
				"down": {"uv": [9, 9, 15, 15], "rotation": 270, "texture": "#0"}
			}
		},
		{
			"from": [-9, 4.125, 8.5],
			"to": [-7, 4.625, 11.5],
			"rotation": {"angle": 22.5, "axis": "z", "origin": [-8.5, 2.875, 7.9375]},
			"faces": {
				"north": {"uv": [9, 9, 15, 15], "rotation": 90, "texture": "#0"},
				"east": {"uv": [9, 9, 15, 15], "rotation": 270, "texture": "#0"},
				"south": {"uv": [9, 9, 15, 15], "rotation": 270, "texture": "#0"},
				"west": {"uv": [9, 9, 15, 15], "rotation": 270, "texture": "#0"},
				"up": {"uv": [9, 9, 15, 15], "rotation": 270, "texture": "#0"},
				"down": {"uv": [9, 9, 15, 15], "rotation": 270, "texture": "#0"}
			}
		},
		{
			"from": [-9, 3.125, 8.5],
			"to": [-7, 3.625, 11.5],
			"rotation": {"angle": 22.5, "axis": "z", "origin": [-8.5, 2.875, 7.9375]},
			"faces": {
				"north": {"uv": [9, 9, 15, 15], "rotation": 90, "texture": "#0"},
				"east": {"uv": [9, 9, 15, 15], "rotation": 270, "texture": "#0"},
				"south": {"uv": [9, 9, 15, 15], "rotation": 270, "texture": "#0"},
				"west": {"uv": [9, 9, 15, 15], "rotation": 270, "texture": "#0"},
				"up": {"uv": [9, 9, 15, 15], "rotation": 270, "texture": "#0"},
				"down": {"uv": [9, 9, 15, 15], "rotation": 270, "texture": "#0"}
			}
		},
		{
			"from": [-9, 2.125, 8.5],
			"to": [-7, 2.625, 11.5],
			"rotation": {"angle": 22.5, "axis": "z", "origin": [-8.5, 2.875, 7.9375]},
			"faces": {
				"north": {"uv": [9, 9, 15, 15], "rotation": 90, "texture": "#0"},
				"east": {"uv": [9, 9, 15, 15], "rotation": 270, "texture": "#0"},
				"south": {"uv": [9, 9, 15, 15], "rotation": 270, "texture": "#0"},
				"west": {"uv": [9, 9, 15, 15], "rotation": 270, "texture": "#0"},
				"up": {"uv": [9, 9, 15, 15], "rotation": 270, "texture": "#0"},
				"down": {"uv": [9, 9, 15, 15], "rotation": 270, "texture": "#0"}
			}
		},
		{
			"from": [-9, 1.125, 8.5],
			"to": [-7, 1.625, 11.5],
			"rotation": {"angle": 22.5, "axis": "z", "origin": [-8.5, 2.875, 7.9375]},
			"faces": {
				"north": {"uv": [9, 9, 15, 15], "rotation": 90, "texture": "#0"},
				"east": {"uv": [9, 9, 15, 15], "rotation": 270, "texture": "#0"},
				"south": {"uv": [9, 9, 15, 15], "rotation": 270, "texture": "#0"},
				"west": {"uv": [9, 9, 15, 15], "rotation": 270, "texture": "#0"},
				"up": {"uv": [9, 9, 15, 15], "rotation": 270, "texture": "#0"},
				"down": {"uv": [9, 9, 15, 15], "rotation": 270, "texture": "#0"}
			}
		},
		{
			"from": [-9, 0.125, 8.5],
			"to": [-7, 0.625, 11.5],
			"rotation": {"angle": 22.5, "axis": "z", "origin": [-8.5, 2.875, 7.9375]},
			"faces": {
				"north": {"uv": [9, 9, 15, 15], "rotation": 90, "texture": "#0"},
				"east": {"uv": [9, 9, 15, 15], "rotation": 270, "texture": "#0"},
				"south": {"uv": [9, 9, 15, 15], "rotation": 270, "texture": "#0"},
				"west": {"uv": [9, 9, 15, 15], "rotation": 270, "texture": "#0"},
				"up": {"uv": [9, 9, 15, 15], "rotation": 270, "texture": "#0"},
				"down": {"uv": [9, 9, 15, 15], "rotation": 270, "texture": "#0"}
			}
		},
		{
			"from": [-9, -0.875, 8.5],
			"to": [-7, -0.375, 11.5],
			"rotation": {"angle": 22.5, "axis": "z", "origin": [-8.5, 2.875, 7.9375]},
			"faces": {
				"north": {"uv": [9, 9, 15, 15], "rotation": 90, "texture": "#0"},
				"east": {"uv": [9, 9, 15, 15], "rotation": 270, "texture": "#0"},
				"south": {"uv": [9, 9, 15, 15], "rotation": 270, "texture": "#0"},
				"west": {"uv": [9, 9, 15, 15], "rotation": 270, "texture": "#0"},
				"up": {"uv": [9, 9, 15, 15], "rotation": 270, "texture": "#0"},
				"down": {"uv": [9, 9, 15, 15], "rotation": 270, "texture": "#0"}
			}
		},
		{
			"from": [-9, -1.875, 8.5],
			"to": [-7, -1.375, 11.5],
			"rotation": {"angle": 22.5, "axis": "z", "origin": [-8.5, 2.875, 7.9375]},
			"faces": {
				"north": {"uv": [1, 9, 7, 15], "rotation": 90, "texture": "#0"},
				"east": {"uv": [1, 9, 7, 15], "rotation": 270, "texture": "#0"},
				"south": {"uv": [1, 9, 7, 15], "rotation": 270, "texture": "#0"},
				"west": {"uv": [1, 9, 7, 15], "rotation": 270, "texture": "#0"},
				"up": {"uv": [1, 9, 7, 15], "rotation": 270, "texture": "#0"},
				"down": {"uv": [1, 9, 7, 15], "rotation": 270, "texture": "#0"}
			}
		},
		{
			"from": [-9.5, -1.875, 9],
			"to": [-6.5, -1.375, 11],
			"rotation": {"angle": 22.5, "axis": "z", "origin": [-8.5, 2.875, 7.9375]},
			"faces": {
				"north": {"uv": [1, 9, 7, 15], "rotation": 90, "texture": "#0"},
				"east": {"uv": [1, 9, 7, 15], "rotation": 270, "texture": "#0"},
				"south": {"uv": [1, 9, 7, 15], "rotation": 270, "texture": "#0"},
				"west": {"uv": [1, 9, 7, 15], "rotation": 270, "texture": "#0"},
				"up": {"uv": [1, 9, 7, 15], "rotation": 270, "texture": "#0"},
				"down": {"uv": [1, 9, 7, 15], "rotation": 270, "texture": "#0"}
			}
		},
		{
			"from": [-10.5, 0.125, 9.5],
			"to": [-9.5, 1.125, 10.5],
			"rotation": {"angle": 22.5, "axis": "z", "origin": [-8.5, 2.875, 7.9375]},
			"faces": {
				"north": {"uv": [1, 1, 7, 7], "rotation": 270, "texture": "#0"},
				"east": {"uv": [1, 1, 7, 7], "rotation": 90, "texture": "#0"},
				"south": {"uv": [1, 1, 7, 7], "rotation": 270, "texture": "#0"},
				"west": {"uv": [1, 1, 7, 7], "rotation": 270, "texture": "#0"},
				"up": {"uv": [1, 1, 7, 7], "texture": "#0"},
				"down": {"uv": [1, 1, 7, 7], "rotation": 180, "texture": "#0"}
			}
		},
		{
			"from": [-10.5, 0.125, 8.25],
			"to": [-10, 1.125, 9.5],
			"rotation": {"angle": 22.5, "axis": "z", "origin": [-8.5, 2.875, 7.9375]},
			"faces": {
				"north": {"uv": [1, 1, 7, 7], "rotation": 270, "texture": "#0"},
				"east": {"uv": [1, 1, 7, 7], "rotation": 90, "texture": "#0"},
				"south": {"uv": [1, 1, 7, 7], "rotation": 270, "texture": "#0"},
				"west": {"uv": [1, 1, 7, 7], "rotation": 270, "texture": "#0"},
				"up": {"uv": [1, 1, 7, 7], "texture": "#0"},
				"down": {"uv": [1, 1, 7, 7], "rotation": 180, "texture": "#0"}
			}
		},
		{
			"from": [-10, 0.125, 8.25],
			"to": [-9.5, 1.125, 8.75],
			"rotation": {"angle": 22.5, "axis": "z", "origin": [-8.5, 2.875, 7.9375]},
			"faces": {
				"north": {"uv": [1, 1, 7, 7], "rotation": 270, "texture": "#0"},
				"east": {"uv": [1, 1, 7, 7], "rotation": 90, "texture": "#0"},
				"south": {"uv": [1, 1, 7, 7], "rotation": 270, "texture": "#0"},
				"west": {"uv": [1, 1, 7, 7], "rotation": 270, "texture": "#0"},
				"up": {"uv": [1, 1, 7, 7], "texture": "#0"},
				"down": {"uv": [1, 1, 7, 7], "rotation": 180, "texture": "#0"}
			}
		},
		{
			"from": [-10, 0.125, 7.75],
			"to": [-8.5, 1.125, 8.25],
			"rotation": {"angle": 22.5, "axis": "z", "origin": [-8.5, 2.875, 7.9375]},
			"faces": {
				"north": {"uv": [1, 1, 7, 7], "rotation": 270, "texture": "#0"},
				"east": {"uv": [1, 1, 7, 7], "rotation": 90, "texture": "#0"},
				"south": {"uv": [1, 1, 7, 7], "rotation": 270, "texture": "#0"},
				"west": {"uv": [1, 1, 7, 7], "rotation": 270, "texture": "#0"},
				"up": {"uv": [1, 1, 7, 7], "texture": "#0"},
				"down": {"uv": [1, 1, 7, 7], "rotation": 180, "texture": "#0"}
			}
		},
		{
			"from": [-8.5, 0.125, 7],
			"to": [-7.5, 1.125, 8.25],
			"rotation": {"angle": 22.5, "axis": "z", "origin": [-8.5, 2.875, 7.9375]},
			"faces": {
				"north": {"uv": [1, 1, 7, 7], "rotation": 270, "texture": "#0"},
				"east": {"uv": [1, 1, 7, 7], "rotation": 90, "texture": "#0"},
				"south": {"uv": [1, 1, 7, 7], "rotation": 270, "texture": "#0"},
				"west": {"uv": [1, 1, 7, 7], "rotation": 270, "texture": "#0"},
				"up": {"uv": [1, 1, 7, 7], "texture": "#0"},
				"down": {"uv": [1, 1, 7, 7], "rotation": 180, "texture": "#0"}
			}
		},
		{
			"from": [-7.67702, 0.48761, 4.75],
			"to": [-6.67702, 1.48761, 7],
			"rotation": {"angle": 0, "axis": "z", "origin": [-7.17702, 0.98761, 5.875]},
			"faces": {
				"north": {"uv": [9, 1, 15, 7], "texture": "#0"},
				"east": {"uv": [9, 1, 15, 7], "rotation": 180, "texture": "#0"},
				"south": {"uv": [9, 1, 15, 7], "rotation": 180, "texture": "#0"},
				"west": {"uv": [9, 1, 15, 7], "rotation": 180, "texture": "#0"},
				"up": {"uv": [9, 1, 15, 7], "rotation": 180, "texture": "#0"},
				"down": {"uv": [9, 1, 15, 7], "rotation": 180, "texture": "#0"}
			}
		}
	],
	"display": {
		"gui": {
			"rotation": [51, 54, 65],
			"scale": [0.5, 0.5, 0.5]
		},
		"fixed": {
			"rotation": [0, -10, 10],
			"translation": [-21, 8.25, -8.75],
			"scale": [1.5, 1.5, 1.5]
		}
	},
	"groups": [
		{
			"name": "ARM",
			"origin": [8, 8, 8],
			"color": 0,
			"children": [
				{
					"name": "ArmSecment",
					"origin": [8, 8, 8],
					"color": 0,
					"children": [
						{
							"name": "Arm",
							"origin": [8, 8, 8],
							"color": 0,
							"children": [0, 1, 2, 3, 4, 5, 6, 7, 8, 9, 10]
						},
						{
							"name": "Hinge",
							"origin": [8, 8, 8],
							"color": 0,
							"children": [
								{
									"name": "Top",
									"origin": [8, 8, 8],
									"color": 0,
									"children": [11, 12, 13, 14, 15, 16, 17]
								},
								{
									"name": "Bottom",
									"origin": [8, 8, 8],
									"color": 0,
									"children": [18, 19, 20, 21, 22, 23, 24]
								},
								25,
								26
							]
						}
					]
				},
				{
					"name": "ArmSecment",
					"origin": [8, 8, 8],
					"color": 0,
					"children": [
						{
							"name": "Arm",
							"origin": [8, 8, 8],
							"color": 0,
							"children": [27, 28, 29, 30, 31, 32, 33, 34, 35, 36, 37]
						},
						{
							"name": "Hinge",
							"origin": [8, 8, 8],
							"color": 0,
							"children": [
								{
									"name": "Top",
									"origin": [8, 8, 8],
									"color": 0,
									"children": [38, 39, 40, 41, 42, 43, 44]
								},
								{
									"name": "Bottom",
									"origin": [8, 8, 8],
									"color": 0,
									"children": [45, 46, 47, 48, 49, 50, 51]
								},
								52,
								53
							]
						}
					]
				},
				{
					"name": "Mic",
					"origin": [8, 8, 8],
					"color": 0,
					"children": [
						54,
						{
							"name": "Rings",
							"origin": [8, 8, 8],
							"color": 0,
							"children": [55, 56, 57, 58]
						},
						{
							"name": "Cover",
							"origin": [8, 8, 8],
							"color": 0,
							"children": [
								59,
								60,
								{
									"name": "Side",
									"origin": [8, 8, 8],
									"color": 0,
									"children": [61, 62, 63, 64, 65, 66, 67, 68]
								},
								{
									"name": "Back",
									"origin": [8, 8, 8],
									"color": 0,
									"children": [69, 70]
								}
							]
						},
						{
							"name": "Mount",
							"origin": [8, 8, 8],
							"color": 0,
							"children": [71, 72, 73, 74, 75, 76]
						}
					]
				}
			]
		}
	]
}