{
	"credit": "Made with Blockbench",
	"textures": {
		"0": "item/brush",
		"particle": "item/brush"
	},
	"elements": [
		{
			"from": [7, 0, 4],
			"to": [9, 2, 14],
			"rotation": {"angle": 0, "axis": "y", "origin": [7, 0, 2]},
			"faces": {
				"north": {"uv": [9, 1, 15, 7], "texture": "#0"},
				"east": {"uv": [9, 1, 15, 7], "texture": "#0"},
				"south": {"uv": [9, 1, 15, 7], "texture": "#0"},
				"west": {"uv": [9, 1, 15, 7], "texture": "#0"},
				"up": {"uv": [9, 1, 15, 7], "texture": "#0"},
				"down": {"uv": [9, 1, 15, 7], "texture": "#0"}
			}
		},
		{
			"from": [7, 0, 14],
			"to": [9, 2, 16],
			"rotation": {"angle": 0, "axis": "y", "origin": [7, 0, 12]},
			"faces": {
				"north": {"uv": [1, 1, 7, 7], "texture": "#0"},
				"east": {"uv": [1, 1, 7, 7], "texture": "#0"},
				"south": {"uv": [1, 9, 7, 15], "texture": "#0"},
				"west": {"uv": [1, 1, 7, 7], "texture": "#0"},
				"up": {"uv": [1, 1, 7, 7], "texture": "#0"},
				"down": {"uv": [1, 1, 7, 7], "texture": "#0"}
			}
		},
		{
			"from": [7, 0, 0],
			"to": [9, 2, 4],
			"rotation": {"angle": 0, "axis": "y", "origin": [7, 0, 0]},
			"faces": {
				"north": {"uv": [9, 9, 15, 15], "texture": "#0"},
				"east": {"uv": [9, 9, 15, 15], "texture": "#0"},
				"south": {"uv": [9, 9, 15, 15], "texture": "#0"},
				"west": {"uv": [9, 9, 15, 15], "texture": "#0"},
				"up": {"uv": [9, 9, 15, 15], "texture": "#0"},
				"down": {"uv": [9, 9, 15, 15], "texture": "#0"}
			}
		}
	],
	"display": {
		"thirdperson_righthand": {
			"rotation": [-160.71, 9.97, -169.06],
			"translation": [1, 4, -0.25],
			"scale": [0.5, 0.5, 0.5]
		},
		"gui": {
			"rotation": [45, 45, 0],
			"translation": [0, 5, 0]
		},
		"head": {
			"rotation": [180, 0, 180],
			"translation": [0, 2.5, -14.5]
		}
	}
}