{
	"credit": "Made with Blockbench",
	"textures": {
		"0": "item/chorus_fruit",
		"particle": "item/chorus_fruit"
	},
	"elements": [
		{
			"from": [0, 5.5, 0],
			"to": [16, 7.5, 16],
			"rotation": {"angle": 0, "axis": "y", "origin": [0, 5.5, 0]},
			"faces": {
				"north": {"uv": [1, 4, 7, 6], "texture": "#0"},
				"east": {"uv": [1, 4, 7, 6], "texture": "#0"},
				"south": {"uv": [1, 4, 7, 6], "texture": "#0"},
				"west": {"uv": [1, 4, 7, 6], "texture": "#0"},
				"up": {"uv": [1, 1, 7, 7], "texture": "#0"},
				"down": {"uv": [1, 1, 7, 7], "texture": "#0"}
			}
		},
		{
			"from": [2, 7.5, 2],
			"to": [14, 8.5, 14],
			"rotation": {"angle": 0, "axis": "y", "origin": [0, 7.5, 0]},
			"faces": {
				"north": {"uv": [1, 4, 7, 6], "texture": "#0"},
				"east": {"uv": [1, 4, 7, 6], "texture": "#0"},
				"south": {"uv": [1, 4, 7, 6], "texture": "#0"},
				"west": {"uv": [1, 4, 7, 6], "texture": "#0"},
				"up": {"uv": [1, 1, 7, 7], "texture": "#0"},
				"down": {"uv": [1, 1, 7, 7], "texture": "#0"}
			}
		},
		{
			"from": [4, 7.5, 4],
			"to": [12, 12.5, 12],
			"rotation": {"angle": 0, "axis": "y", "origin": [4, 7.5, 4]},
			"faces": {
				"north": {"uv": [1, 1, 7, 6], "texture": "#0"},
				"east": {"uv": [1, 1, 7, 6], "texture": "#0"},
				"south": {"uv": [1, 1, 7, 6], "texture": "#0"},
				"west": {"uv": [1, 1, 7, 6], "texture": "#0"},
				"up": {"uv": [1, 1, 7, 7], "texture": "#0"},
				"down": {"uv": [1, 1, 7, 6], "texture": "#0"}
			}
		},
		{
			"name": "G",
			"from": [14, 7.5, 0],
			"to": [16, 8.5, 2],
			"rotation": {"angle": 0, "axis": "y", "origin": [14, 8.5, 0]},
			"faces": {
				"north": {"uv": [1, 9, 7, 15], "texture": "#0"},
				"east": {"uv": [1, 9, 7, 15], "texture": "#0"},
				"south": {"uv": [1, 13, 7, 15], "texture": "#0"},
				"west": {"uv": [1, 9, 7, 15], "texture": "#0"},
				"up": {"uv": [1, 9, 7, 15], "texture": "#0"},
				"down": {"uv": [1, 9, 7, 15], "texture": "#0"}
			}
		},
		{
			"name": "G",
			"from": [14, 7.5, 4],
			"to": [16, 8.5, 6],
			"rotation": {"angle": 0, "axis": "y", "origin": [14, 7.5, 4]},
			"faces": {
				"north": {"uv": [1, 9, 7, 15], "texture": "#0"},
				"east": {"uv": [1, 9, 7, 15], "texture": "#0"},
				"south": {"uv": [1, 13, 7, 15], "texture": "#0"},
				"west": {"uv": [1, 9, 7, 15], "texture": "#0"},
				"up": {"uv": [1, 9, 7, 15], "texture": "#0"},
				"down": {"uv": [1, 9, 7, 15], "texture": "#0"}
			}
		},
		{
			"name": "G",
			"from": [14, 7.5, 8],
			"to": [16, 8.5, 10],
			"rotation": {"angle": 0, "axis": "y", "origin": [14, 7.5, 8]},
			"faces": {
				"north": {"uv": [1, 9, 7, 15], "texture": "#0"},
				"east": {"uv": [1, 9, 7, 15], "texture": "#0"},
				"south": {"uv": [1, 13, 7, 15], "texture": "#0"},
				"west": {"uv": [1, 9, 7, 15], "texture": "#0"},
				"up": {"uv": [1, 9, 7, 15], "texture": "#0"},
				"down": {"uv": [1, 9, 7, 15], "texture": "#0"}
			}
		},
		{
			"name": "G",
			"from": [14, 7.5, 12],
			"to": [16, 8.5, 14],
			"rotation": {"angle": 0, "axis": "y", "origin": [14, 7.5, 12]},
			"faces": {
				"north": {"uv": [1, 9, 7, 15], "texture": "#0"},
				"east": {"uv": [1, 9, 7, 15], "texture": "#0"},
				"south": {"uv": [1, 13, 7, 15], "texture": "#0"},
				"west": {"uv": [1, 9, 7, 15], "texture": "#0"},
				"up": {"uv": [1, 9, 7, 15], "texture": "#0"},
				"down": {"uv": [1, 9, 7, 15], "texture": "#0"}
			}
		},
		{
			"name": "G",
			"from": [12, 7.5, 14],
			"to": [14, 8.5, 16],
			"rotation": {"angle": 0, "axis": "y", "origin": [12, 7.5, 14]},
			"faces": {
				"north": {"uv": [1, 9, 7, 15], "texture": "#0"},
				"east": {"uv": [1, 9, 7, 15], "texture": "#0"},
				"south": {"uv": [1, 13, 7, 15], "texture": "#0"},
				"west": {"uv": [1, 9, 7, 15], "texture": "#0"},
				"up": {"uv": [1, 9, 7, 15], "texture": "#0"},
				"down": {"uv": [1, 9, 7, 15], "texture": "#0"}
			}
		},
		{
			"name": "G",
			"from": [8, 7.5, 14],
			"to": [10, 8.5, 16],
			"rotation": {"angle": 0, "axis": "y", "origin": [8, 7.5, 14]},
			"faces": {
				"north": {"uv": [1, 9, 7, 15], "texture": "#0"},
				"east": {"uv": [1, 9, 7, 15], "texture": "#0"},
				"south": {"uv": [1, 13, 7, 15], "texture": "#0"},
				"west": {"uv": [1, 9, 7, 15], "texture": "#0"},
				"up": {"uv": [1, 9, 7, 15], "texture": "#0"},
				"down": {"uv": [1, 9, 7, 15], "texture": "#0"}
			}
		},
		{
			"name": "G",
			"from": [4, 7.5, 14],
			"to": [6, 8.5, 16],
			"rotation": {"angle": 0, "axis": "y", "origin": [4, 7.5, 14]},
			"faces": {
				"north": {"uv": [1, 9, 7, 15], "texture": "#0"},
				"east": {"uv": [1, 9, 7, 15], "texture": "#0"},
				"south": {"uv": [1, 13, 7, 15], "texture": "#0"},
				"west": {"uv": [1, 9, 7, 15], "texture": "#0"},
				"up": {"uv": [1, 9, 7, 15], "texture": "#0"},
				"down": {"uv": [1, 9, 7, 15], "texture": "#0"}
			}
		},
		{
			"name": "G",
			"from": [0, 7.5, 14],
			"to": [2, 8.5, 16],
			"rotation": {"angle": 0, "axis": "y", "origin": [0, 7.5, 14]},
			"faces": {
				"north": {"uv": [1, 9, 7, 15], "texture": "#0"},
				"east": {"uv": [1, 9, 7, 15], "texture": "#0"},
				"south": {"uv": [1, 13, 7, 15], "texture": "#0"},
				"west": {"uv": [1, 9, 7, 15], "texture": "#0"},
				"up": {"uv": [1, 9, 7, 15], "texture": "#0"},
				"down": {"uv": [1, 9, 7, 15], "texture": "#0"}
			}
		},
		{
			"name": "G",
			"from": [0, 7.5, 10],
			"to": [2, 8.5, 12],
			"rotation": {"angle": 0, "axis": "y", "origin": [0, 7.5, 10]},
			"faces": {
				"north": {"uv": [1, 9, 7, 15], "texture": "#0"},
				"east": {"uv": [1, 9, 7, 15], "texture": "#0"},
				"south": {"uv": [1, 13, 7, 15], "texture": "#0"},
				"west": {"uv": [1, 9, 7, 15], "texture": "#0"},
				"up": {"uv": [1, 9, 7, 15], "texture": "#0"},
				"down": {"uv": [1, 9, 7, 15], "texture": "#0"}
			}
		},
		{
			"name": "G",
			"from": [0, 7.5, 6],
			"to": [2, 8.5, 8],
			"rotation": {"angle": 0, "axis": "y", "origin": [0, 7.5, 6]},
			"faces": {
				"north": {"uv": [1, 9, 7, 15], "texture": "#0"},
				"east": {"uv": [1, 9, 7, 15], "texture": "#0"},
				"south": {"uv": [1, 13, 7, 15], "texture": "#0"},
				"west": {"uv": [1, 9, 7, 15], "texture": "#0"},
				"up": {"uv": [1, 9, 7, 15], "texture": "#0"},
				"down": {"uv": [1, 9, 7, 15], "texture": "#0"}
			}
		},
		{
			"name": "G",
			"from": [0, 7.5, 2],
			"to": [2, 8.5, 4],
			"rotation": {"angle": 0, "axis": "y", "origin": [0, 7.5, 2]},
			"faces": {
				"north": {"uv": [1, 9, 7, 15], "texture": "#0"},
				"east": {"uv": [1, 9, 7, 15], "texture": "#0"},
				"south": {"uv": [1, 13, 7, 15], "texture": "#0"},
				"west": {"uv": [1, 9, 7, 15], "texture": "#0"},
				"up": {"uv": [1, 9, 7, 15], "texture": "#0"},
				"down": {"uv": [1, 9, 7, 15], "texture": "#0"}
			}
		},
		{
			"name": "G",
			"from": [10, 7.5, 0],
			"to": [12, 8.5, 2],
			"rotation": {"angle": 0, "axis": "y", "origin": [10, 7.5, 0]},
			"faces": {
				"north": {"uv": [1, 9, 7, 15], "texture": "#0"},
				"east": {"uv": [1, 9, 7, 15], "texture": "#0"},
				"south": {"uv": [1, 13, 7, 15], "texture": "#0"},
				"west": {"uv": [1, 9, 7, 15], "texture": "#0"},
				"up": {"uv": [1, 9, 7, 15], "texture": "#0"},
				"down": {"uv": [1, 9, 7, 15], "texture": "#0"}
			}
		},
		{
			"name": "G",
			"from": [6, 7.5, 0],
			"to": [8, 8.5, 2],
			"rotation": {"angle": 0, "axis": "y", "origin": [6, 7.5, 0]},
			"faces": {
				"north": {"uv": [1, 9, 7, 15], "texture": "#0"},
				"east": {"uv": [1, 9, 7, 15], "texture": "#0"},
				"south": {"uv": [1, 13, 7, 15], "texture": "#0"},
				"west": {"uv": [1, 9, 7, 15], "texture": "#0"},
				"up": {"uv": [1, 9, 7, 15], "texture": "#0"},
				"down": {"uv": [1, 9, 7, 15], "texture": "#0"}
			}
		},
		{
			"name": "G",
			"from": [2, 7.5, 0],
			"to": [4, 8.5, 2],
			"rotation": {"angle": 0, "axis": "y", "origin": [2, 7.5, 0]},
			"faces": {
				"north": {"uv": [1, 9, 7, 15], "texture": "#0"},
				"east": {"uv": [1, 9, 7, 15], "texture": "#0"},
				"south": {"uv": [1, 13, 7, 15], "texture": "#0"},
				"west": {"uv": [1, 9, 7, 15], "texture": "#0"},
				"up": {"uv": [1, 9, 7, 15], "texture": "#0"},
				"down": {"uv": [1, 9, 7, 15], "texture": "#0"}
			}
		},
		{
			"name": "R",
			"from": [14, 7.5, 2],
			"to": [16, 8.5, 4],
			"rotation": {"angle": 0, "axis": "y", "origin": [8, 8, 8]},
			"faces": {
				"north": {"uv": [9, 9, 15, 15], "texture": "#0"},
				"east": {"uv": [9, 9, 15, 15], "texture": "#0"},
				"south": {"uv": [9, 13, 15, 15], "texture": "#0"},
				"west": {"uv": [9, 9, 15, 15], "texture": "#0"},
				"up": {"uv": [9, 9, 15, 15], "texture": "#0"},
				"down": {"uv": [9, 9, 15, 15], "texture": "#0"}
			}
		},
		{
			"name": "R",
			"from": [14, 7.5, 14],
			"to": [16, 8.5, 16],
			"rotation": {"angle": 0, "axis": "y", "origin": [8, 8, 8]},
			"faces": {
				"north": {"uv": [9, 9, 15, 15], "texture": "#0"},
				"east": {"uv": [9, 9, 15, 15], "texture": "#0"},
				"south": {"uv": [9, 13, 15, 15], "texture": "#0"},
				"west": {"uv": [9, 9, 15, 15], "texture": "#0"},
				"up": {"uv": [9, 9, 15, 15], "texture": "#0"},
				"down": {"uv": [9, 9, 15, 15], "texture": "#0"}
			}
		},
		{
			"name": "R",
			"from": [10, 7.5, 14],
			"to": [12, 8.5, 16],
			"rotation": {"angle": 0, "axis": "y", "origin": [8, 8, 8]},
			"faces": {
				"north": {"uv": [9, 9, 15, 15], "texture": "#0"},
				"east": {"uv": [9, 9, 15, 15], "texture": "#0"},
				"south": {"uv": [9, 13, 15, 15], "texture": "#0"},
				"west": {"uv": [9, 9, 15, 15], "texture": "#0"},
				"up": {"uv": [9, 9, 15, 15], "texture": "#0"},
				"down": {"uv": [9, 9, 15, 15], "texture": "#0"}
			}
		},
		{
			"name": "R",
			"from": [6, 7.5, 14],
			"to": [8, 8.5, 16],
			"rotation": {"angle": 0, "axis": "y", "origin": [8, 8, 8]},
			"faces": {
				"north": {"uv": [9, 9, 15, 15], "texture": "#0"},
				"east": {"uv": [9, 9, 15, 15], "texture": "#0"},
				"south": {"uv": [9, 13, 15, 15], "texture": "#0"},
				"west": {"uv": [9, 9, 15, 15], "texture": "#0"},
				"up": {"uv": [9, 9, 15, 15], "texture": "#0"},
				"down": {"uv": [9, 9, 15, 15], "texture": "#0"}
			}
		},
		{
			"name": "R",
			"from": [2, 7.5, 14],
			"to": [4, 8.5, 16],
			"rotation": {"angle": 0, "axis": "y", "origin": [8, 8, 8]},
			"faces": {
				"north": {"uv": [9, 9, 15, 15], "texture": "#0"},
				"east": {"uv": [9, 9, 15, 15], "texture": "#0"},
				"south": {"uv": [9, 13, 15, 15], "texture": "#0"},
				"west": {"uv": [9, 9, 15, 15], "texture": "#0"},
				"up": {"uv": [9, 9, 15, 15], "texture": "#0"},
				"down": {"uv": [9, 9, 15, 15], "texture": "#0"}
			}
		},
		{
			"name": "R",
			"from": [0, 7.5, 12],
			"to": [2, 8.5, 14],
			"rotation": {"angle": 0, "axis": "y", "origin": [8, 8, 8]},
			"faces": {
				"north": {"uv": [9, 9, 15, 15], "texture": "#0"},
				"east": {"uv": [9, 9, 15, 15], "texture": "#0"},
				"south": {"uv": [9, 13, 15, 15], "texture": "#0"},
				"west": {"uv": [9, 9, 15, 15], "texture": "#0"},
				"up": {"uv": [9, 9, 15, 15], "texture": "#0"},
				"down": {"uv": [9, 9, 15, 15], "texture": "#0"}
			}
		},
		{
			"name": "R",
			"from": [0, 7.5, 8],
			"to": [2, 8.5, 10],
			"rotation": {"angle": 0, "axis": "y", "origin": [8, 8, 8]},
			"faces": {
				"north": {"uv": [9, 9, 15, 15], "texture": "#0"},
				"east": {"uv": [9, 9, 15, 15], "texture": "#0"},
				"south": {"uv": [9, 13, 15, 15], "texture": "#0"},
				"west": {"uv": [9, 9, 15, 15], "texture": "#0"},
				"up": {"uv": [9, 9, 15, 15], "texture": "#0"},
				"down": {"uv": [9, 9, 15, 15], "texture": "#0"}
			}
		},
		{
			"name": "R",
			"from": [0, 7.5, 4],
			"to": [2, 8.5, 6],
			"rotation": {"angle": 0, "axis": "y", "origin": [8, 8, 8]},
			"faces": {
				"north": {"uv": [9, 9, 15, 15], "texture": "#0"},
				"east": {"uv": [9, 9, 15, 15], "texture": "#0"},
				"south": {"uv": [9, 13, 15, 15], "texture": "#0"},
				"west": {"uv": [9, 9, 15, 15], "texture": "#0"},
				"up": {"uv": [9, 9, 15, 15], "texture": "#0"},
				"down": {"uv": [9, 9, 15, 15], "texture": "#0"}
			}
		},
		{
			"name": "R",
			"from": [0, 7.5, 0],
			"to": [2, 8.5, 2],
			"rotation": {"angle": 0, "axis": "y", "origin": [8, 8, 8]},
			"faces": {
				"north": {"uv": [9, 9, 15, 15], "texture": "#0"},
				"east": {"uv": [9, 9, 15, 15], "texture": "#0"},
				"south": {"uv": [9, 13, 15, 15], "texture": "#0"},
				"west": {"uv": [9, 9, 15, 15], "texture": "#0"},
				"up": {"uv": [9, 9, 15, 15], "texture": "#0"},
				"down": {"uv": [9, 9, 15, 15], "texture": "#0"}
			}
		},
		{
			"name": "R",
			"from": [4, 7.5, 0],
			"to": [6, 8.5, 2],
			"rotation": {"angle": 0, "axis": "y", "origin": [8, 8, 8]},
			"faces": {
				"north": {"uv": [9, 9, 15, 15], "texture": "#0"},
				"east": {"uv": [9, 9, 15, 15], "texture": "#0"},
				"south": {"uv": [9, 13, 15, 15], "texture": "#0"},
				"west": {"uv": [9, 9, 15, 15], "texture": "#0"},
				"up": {"uv": [9, 9, 15, 15], "texture": "#0"},
				"down": {"uv": [9, 9, 15, 15], "texture": "#0"}
			}
		},
		{
			"name": "R",
			"from": [8, 7.5, 0],
			"to": [10, 8.5, 2],
			"rotation": {"angle": 0, "axis": "y", "origin": [8, 8, 8]},
			"faces": {
				"north": {"uv": [9, 9, 15, 15], "texture": "#0"},
				"east": {"uv": [9, 9, 15, 15], "texture": "#0"},
				"south": {"uv": [9, 13, 15, 15], "texture": "#0"},
				"west": {"uv": [9, 9, 15, 15], "texture": "#0"},
				"up": {"uv": [9, 9, 15, 15], "texture": "#0"},
				"down": {"uv": [9, 9, 15, 15], "texture": "#0"}
			}
		},
		{
			"name": "R",
			"from": [12, 7.5, 0],
			"to": [14, 8.5, 2],
			"rotation": {"angle": 0, "axis": "y", "origin": [8, 8, 8]},
			"faces": {
				"north": {"uv": [9, 9, 15, 15], "texture": "#0"},
				"east": {"uv": [9, 9, 15, 15], "texture": "#0"},
				"south": {"uv": [9, 13, 15, 15], "texture": "#0"},
				"west": {"uv": [9, 9, 15, 15], "texture": "#0"},
				"up": {"uv": [9, 9, 15, 15], "texture": "#0"},
				"down": {"uv": [9, 9, 15, 15], "texture": "#0"}
			}
		},
		{
			"name": "R",
			"from": [14, 7.5, 10],
			"to": [16, 8.5, 12],
			"rotation": {"angle": 0, "axis": "y", "origin": [8, 8, 8]},
			"faces": {
				"north": {"uv": [9, 9, 15, 15], "texture": "#0"},
				"east": {"uv": [9, 9, 15, 15], "texture": "#0"},
				"south": {"uv": [9, 13, 15, 15], "texture": "#0"},
				"west": {"uv": [9, 9, 15, 15], "texture": "#0"},
				"up": {"uv": [9, 9, 15, 15], "texture": "#0"},
				"down": {"uv": [9, 9, 15, 15], "texture": "#0"}
			}
		},
		{
			"name": "R",
			"from": [14, 7.5, 6],
			"to": [16, 8.5, 8],
			"rotation": {"angle": 0, "axis": "y", "origin": [8, 8, 8]},
			"faces": {
				"north": {"uv": [9, 9, 15, 15], "texture": "#0"},
				"east": {"uv": [9, 9, 15, 15], "texture": "#0"},
				"south": {"uv": [9, 13, 15, 15], "texture": "#0"},
				"west": {"uv": [9, 9, 15, 15], "texture": "#0"},
				"up": {"uv": [9, 9, 15, 15], "texture": "#0"},
				"down": {"uv": [9, 9, 15, 15], "texture": "#0"}
			}
		},
		{
			"name": "G",
			"from": [14.75, 4.5, 14.75],
			"to": [15.25, 5.5, 15.25],
			"rotation": {"angle": 0, "axis": "y", "origin": [8, 4, 8]},
			"faces": {
				"north": {"uv": [1, 9, 7, 15], "texture": "#0"},
				"east": {"uv": [1, 9, 7, 15], "texture": "#0"},
				"south": {"uv": [1, 9, 7, 15], "texture": "#0"},
				"west": {"uv": [1, 9, 7, 15], "texture": "#0"},
				"up": {"uv": [1, 9, 7, 15], "rotation": 90, "texture": "#0"},
				"down": {"uv": [1, 9, 7, 15], "rotation": 270, "texture": "#0"}
			}
		},
		{
			"name": "G",
			"from": [10.75, 4.5, 14.75],
			"to": [11.25, 5.5, 15.25],
			"rotation": {"angle": 0, "axis": "y", "origin": [8, 4, 8]},
			"faces": {
				"north": {"uv": [1, 9, 7, 15], "texture": "#0"},
				"east": {"uv": [1, 9, 7, 15], "texture": "#0"},
				"south": {"uv": [1, 9, 7, 15], "texture": "#0"},
				"west": {"uv": [1, 9, 7, 15], "texture": "#0"},
				"up": {"uv": [1, 9, 7, 15], "rotation": 90, "texture": "#0"},
				"down": {"uv": [1, 9, 7, 15], "rotation": 270, "texture": "#0"}
			}
		},
		{
			"name": "G",
			"from": [6.75, 4.5, 14.75],
			"to": [7.25, 5.5, 15.25],
			"rotation": {"angle": 0, "axis": "y", "origin": [8, 4, 8]},
			"faces": {
				"north": {"uv": [1, 9, 7, 15], "texture": "#0"},
				"east": {"uv": [1, 9, 7, 15], "texture": "#0"},
				"south": {"uv": [1, 9, 7, 15], "texture": "#0"},
				"west": {"uv": [1, 9, 7, 15], "texture": "#0"},
				"up": {"uv": [1, 9, 7, 15], "rotation": 90, "texture": "#0"},
				"down": {"uv": [1, 9, 7, 15], "rotation": 270, "texture": "#0"}
			}
		},
		{
			"name": "G",
			"from": [2.75, 4.5, 14.75],
			"to": [3.25, 5.5, 15.25],
			"rotation": {"angle": 0, "axis": "y", "origin": [8, 4, 8]},
			"faces": {
				"north": {"uv": [1, 9, 7, 15], "texture": "#0"},
				"east": {"uv": [1, 9, 7, 15], "texture": "#0"},
				"south": {"uv": [1, 9, 7, 15], "texture": "#0"},
				"west": {"uv": [1, 9, 7, 15], "texture": "#0"},
				"up": {"uv": [1, 9, 7, 15], "rotation": 90, "texture": "#0"},
				"down": {"uv": [1, 9, 7, 15], "rotation": 270, "texture": "#0"}
			}
		},
		{
			"name": "G",
			"from": [0.75, 4.5, 12.75],
			"to": [1.25, 5.5, 13.25],
			"rotation": {"angle": 0, "axis": "y", "origin": [8, 4, 8]},
			"faces": {
				"north": {"uv": [1, 9, 7, 15], "texture": "#0"},
				"east": {"uv": [1, 9, 7, 15], "texture": "#0"},
				"south": {"uv": [1, 9, 7, 15], "texture": "#0"},
				"west": {"uv": [1, 9, 7, 15], "texture": "#0"},
				"up": {"uv": [1, 9, 7, 15], "rotation": 90, "texture": "#0"},
				"down": {"uv": [1, 9, 7, 15], "rotation": 270, "texture": "#0"}
			}
		},
		{
			"name": "G",
			"from": [0.75, 4.5, 8.75],
			"to": [1.25, 5.5, 9.25],
			"rotation": {"angle": 0, "axis": "y", "origin": [8, 4, 8]},
			"faces": {
				"north": {"uv": [1, 9, 7, 15], "texture": "#0"},
				"east": {"uv": [1, 9, 7, 15], "texture": "#0"},
				"south": {"uv": [1, 9, 7, 15], "texture": "#0"},
				"west": {"uv": [1, 9, 7, 15], "texture": "#0"},
				"up": {"uv": [1, 9, 7, 15], "rotation": 90, "texture": "#0"},
				"down": {"uv": [1, 9, 7, 15], "rotation": 270, "texture": "#0"}
			}
		},
		{
			"name": "G",
			"from": [0.75, 4.5, 4.75],
			"to": [1.25, 5.5, 5.25],
			"rotation": {"angle": 0, "axis": "y", "origin": [8, 4, 8]},
			"faces": {
				"north": {"uv": [1, 9, 7, 15], "texture": "#0"},
				"east": {"uv": [1, 9, 7, 15], "texture": "#0"},
				"south": {"uv": [1, 9, 7, 15], "texture": "#0"},
				"west": {"uv": [1, 9, 7, 15], "texture": "#0"},
				"up": {"uv": [1, 9, 7, 15], "rotation": 90, "texture": "#0"},
				"down": {"uv": [1, 9, 7, 15], "rotation": 270, "texture": "#0"}
			}
		},
		{
			"name": "G",
			"from": [0.75, 4.5, 0.75],
			"to": [1.25, 5.5, 1.25],
			"rotation": {"angle": 0, "axis": "y", "origin": [8, 4, 8]},
			"faces": {
				"north": {"uv": [1, 9, 7, 15], "texture": "#0"},
				"east": {"uv": [1, 9, 7, 15], "texture": "#0"},
				"south": {"uv": [1, 9, 7, 15], "texture": "#0"},
				"west": {"uv": [1, 9, 7, 15], "texture": "#0"},
				"up": {"uv": [1, 9, 7, 15], "rotation": 90, "texture": "#0"},
				"down": {"uv": [1, 9, 7, 15], "rotation": 270, "texture": "#0"}
			}
		},
		{
			"name": "G",
			"from": [4.75, 4.5, 0.75],
			"to": [5.25, 5.5, 1.25],
			"rotation": {"angle": 0, "axis": "y", "origin": [8, 4, 8]},
			"faces": {
				"north": {"uv": [1, 9, 7, 15], "texture": "#0"},
				"east": {"uv": [1, 9, 7, 15], "texture": "#0"},
				"south": {"uv": [1, 9, 7, 15], "texture": "#0"},
				"west": {"uv": [1, 9, 7, 15], "texture": "#0"},
				"up": {"uv": [1, 9, 7, 15], "rotation": 90, "texture": "#0"},
				"down": {"uv": [1, 9, 7, 15], "rotation": 270, "texture": "#0"}
			}
		},
		{
			"name": "G",
			"from": [8.75, 4.5, 0.75],
			"to": [9.25, 5.5, 1.25],
			"rotation": {"angle": 0, "axis": "y", "origin": [8, 4, 8]},
			"faces": {
				"north": {"uv": [1, 9, 7, 15], "texture": "#0"},
				"east": {"uv": [1, 9, 7, 15], "texture": "#0"},
				"south": {"uv": [1, 9, 7, 15], "texture": "#0"},
				"west": {"uv": [1, 9, 7, 15], "texture": "#0"},
				"up": {"uv": [1, 9, 7, 15], "rotation": 90, "texture": "#0"},
				"down": {"uv": [1, 9, 7, 15], "rotation": 270, "texture": "#0"}
			}
		},
		{
			"name": "G",
			"from": [12.75, 4.5, 0.75],
			"to": [13.25, 5.5, 1.25],
			"rotation": {"angle": 0, "axis": "y", "origin": [8, 4, 8]},
			"faces": {
				"north": {"uv": [1, 9, 7, 15], "texture": "#0"},
				"east": {"uv": [1, 9, 7, 15], "texture": "#0"},
				"south": {"uv": [1, 9, 7, 15], "texture": "#0"},
				"west": {"uv": [1, 9, 7, 15], "texture": "#0"},
				"up": {"uv": [1, 9, 7, 15], "rotation": 90, "texture": "#0"},
				"down": {"uv": [1, 9, 7, 15], "rotation": 270, "texture": "#0"}
			}
		},
		{
			"name": "G",
			"from": [14.75, 4.5, 10.75],
			"to": [15.25, 5.5, 11.25],
			"rotation": {"angle": 0, "axis": "y", "origin": [8, 4, 8]},
			"faces": {
				"north": {"uv": [1, 9, 7, 15], "texture": "#0"},
				"east": {"uv": [1, 9, 7, 15], "texture": "#0"},
				"south": {"uv": [1, 9, 7, 15], "texture": "#0"},
				"west": {"uv": [1, 9, 7, 15], "texture": "#0"},
				"up": {"uv": [1, 9, 7, 15], "rotation": 90, "texture": "#0"},
				"down": {"uv": [1, 9, 7, 15], "rotation": 270, "texture": "#0"}
			}
		},
		{
			"name": "G",
			"from": [14.75, 4.5, 6.75],
			"to": [15.25, 5.5, 7.25],
			"rotation": {"angle": 0, "axis": "y", "origin": [8, 4, 8]},
			"faces": {
				"north": {"uv": [1, 9, 7, 15], "texture": "#0"},
				"east": {"uv": [1, 9, 7, 15], "texture": "#0"},
				"south": {"uv": [1, 9, 7, 15], "texture": "#0"},
				"west": {"uv": [1, 9, 7, 15], "texture": "#0"},
				"up": {"uv": [1, 9, 7, 15], "rotation": 90, "texture": "#0"},
				"down": {"uv": [1, 9, 7, 15], "rotation": 270, "texture": "#0"}
			}
		},
		{
			"name": "G",
			"from": [14.75, 4.5, 2.75],
			"to": [15.25, 5.5, 3.25],
			"rotation": {"angle": 0, "axis": "y", "origin": [8, 4, 8]},
			"faces": {
				"north": {"uv": [1, 9, 7, 15], "texture": "#0"},
				"east": {"uv": [1, 9, 7, 15], "texture": "#0"},
				"south": {"uv": [1, 9, 7, 15], "texture": "#0"},
				"west": {"uv": [1, 9, 7, 15], "texture": "#0"},
				"up": {"uv": [1, 9, 7, 15], "rotation": 90, "texture": "#0"},
				"down": {"uv": [1, 9, 7, 15], "rotation": 270, "texture": "#0"}
			}
		},
		{
			"name": "R",
			"from": [12.75, 4.5, 14.75],
			"to": [13.25, 5.5, 15.25],
			"rotation": {"angle": 0, "axis": "y", "origin": [8, 4, 8]},
			"faces": {
				"north": {"uv": [9, 9, 15, 15], "texture": "#0"},
				"east": {"uv": [9, 9, 15, 15], "texture": "#0"},
				"south": {"uv": [9, 9, 15, 15], "texture": "#0"},
				"west": {"uv": [9, 9, 15, 15], "texture": "#0"},
				"up": {"uv": [9, 9, 15, 15], "rotation": 90, "texture": "#0"},
				"down": {"uv": [9, 9, 15, 15], "rotation": 270, "texture": "#0"}
			}
		},
		{
			"name": "R",
			"from": [0.75, 4.5, 14.75],
			"to": [1.25, 5.5, 15.25],
			"rotation": {"angle": 0, "axis": "y", "origin": [8, 4, 8]},
			"faces": {
				"north": {"uv": [9, 9, 15, 15], "texture": "#0"},
				"east": {"uv": [9, 9, 15, 15], "texture": "#0"},
				"south": {"uv": [9, 9, 15, 15], "texture": "#0"},
				"west": {"uv": [9, 9, 15, 15], "texture": "#0"},
				"up": {"uv": [9, 9, 15, 15], "rotation": 90, "texture": "#0"},
				"down": {"uv": [9, 9, 15, 15], "rotation": 270, "texture": "#0"}
			}
		},
		{
			"name": "R",
			"from": [0.75, 4.5, 10.75],
			"to": [1.25, 5.5, 11.25],
			"rotation": {"angle": 0, "axis": "y", "origin": [8, 4, 8]},
			"faces": {
				"north": {"uv": [9, 9, 15, 15], "texture": "#0"},
				"east": {"uv": [9, 9, 15, 15], "texture": "#0"},
				"south": {"uv": [9, 9, 15, 15], "texture": "#0"},
				"west": {"uv": [9, 9, 15, 15], "texture": "#0"},
				"up": {"uv": [9, 9, 15, 15], "rotation": 90, "texture": "#0"},
				"down": {"uv": [9, 9, 15, 15], "rotation": 270, "texture": "#0"}
			}
		},
		{
			"name": "R",
			"from": [0.75, 4.5, 6.75],
			"to": [1.25, 5.5, 7.25],
			"rotation": {"angle": 0, "axis": "y", "origin": [8, 4, 8]},
			"faces": {
				"north": {"uv": [9, 9, 15, 15], "texture": "#0"},
				"east": {"uv": [9, 9, 15, 15], "texture": "#0"},
				"south": {"uv": [9, 9, 15, 15], "texture": "#0"},
				"west": {"uv": [9, 9, 15, 15], "texture": "#0"},
				"up": {"uv": [9, 9, 15, 15], "rotation": 90, "texture": "#0"},
				"down": {"uv": [9, 9, 15, 15], "rotation": 270, "texture": "#0"}
			}
		},
		{
			"name": "R",
			"from": [0.75, 4.5, 2.75],
			"to": [1.25, 5.5, 3.25],
			"rotation": {"angle": 0, "axis": "y", "origin": [8, 4, 8]},
			"faces": {
				"north": {"uv": [9, 9, 15, 15], "texture": "#0"},
				"east": {"uv": [9, 9, 15, 15], "texture": "#0"},
				"south": {"uv": [9, 9, 15, 15], "texture": "#0"},
				"west": {"uv": [9, 9, 15, 15], "texture": "#0"},
				"up": {"uv": [9, 9, 15, 15], "rotation": 90, "texture": "#0"},
				"down": {"uv": [9, 9, 15, 15], "rotation": 270, "texture": "#0"}
			}
		},
		{
			"name": "R",
			"from": [2.75, 4.5, 0.75],
			"to": [3.25, 5.5, 1.25],
			"rotation": {"angle": 0, "axis": "y", "origin": [8, 4, 8]},
			"faces": {
				"north": {"uv": [9, 9, 15, 15], "texture": "#0"},
				"east": {"uv": [9, 9, 15, 15], "texture": "#0"},
				"south": {"uv": [9, 9, 15, 15], "texture": "#0"},
				"west": {"uv": [9, 9, 15, 15], "texture": "#0"},
				"up": {"uv": [9, 9, 15, 15], "rotation": 90, "texture": "#0"},
				"down": {"uv": [9, 9, 15, 15], "rotation": 270, "texture": "#0"}
			}
		},
		{
			"name": "R",
			"from": [6.75, 4.5, 0.75],
			"to": [7.25, 5.5, 1.25],
			"rotation": {"angle": 0, "axis": "y", "origin": [8, 4, 8]},
			"faces": {
				"north": {"uv": [9, 9, 15, 15], "texture": "#0"},
				"east": {"uv": [9, 9, 15, 15], "texture": "#0"},
				"south": {"uv": [9, 9, 15, 15], "texture": "#0"},
				"west": {"uv": [9, 9, 15, 15], "texture": "#0"},
				"up": {"uv": [9, 9, 15, 15], "rotation": 90, "texture": "#0"},
				"down": {"uv": [9, 9, 15, 15], "rotation": 270, "texture": "#0"}
			}
		},
		{
			"name": "R",
			"from": [10.75, 4.5, 0.75],
			"to": [11.25, 5.5, 1.25],
			"rotation": {"angle": 0, "axis": "y", "origin": [8, 4, 8]},
			"faces": {
				"north": {"uv": [9, 9, 15, 15], "texture": "#0"},
				"east": {"uv": [9, 9, 15, 15], "texture": "#0"},
				"south": {"uv": [9, 9, 15, 15], "texture": "#0"},
				"west": {"uv": [9, 9, 15, 15], "texture": "#0"},
				"up": {"uv": [9, 9, 15, 15], "rotation": 90, "texture": "#0"},
				"down": {"uv": [9, 9, 15, 15], "rotation": 270, "texture": "#0"}
			}
		},
		{
			"name": "R",
			"from": [14.75, 4.5, 0.75],
			"to": [15.25, 5.5, 1.25],
			"rotation": {"angle": 0, "axis": "y", "origin": [8, 4, 8]},
			"faces": {
				"north": {"uv": [9, 9, 15, 15], "texture": "#0"},
				"east": {"uv": [9, 9, 15, 15], "texture": "#0"},
				"south": {"uv": [9, 9, 15, 15], "texture": "#0"},
				"west": {"uv": [9, 9, 15, 15], "texture": "#0"},
				"up": {"uv": [9, 9, 15, 15], "rotation": 90, "texture": "#0"},
				"down": {"uv": [9, 9, 15, 15], "rotation": 270, "texture": "#0"}
			}
		},
		{
			"name": "R",
			"from": [14.75, 4.5, 4.75],
			"to": [15.25, 5.5, 5.25],
			"rotation": {"angle": 0, "axis": "y", "origin": [8, 4, 8]},
			"faces": {
				"north": {"uv": [9, 9, 15, 15], "texture": "#0"},
				"east": {"uv": [9, 9, 15, 15], "texture": "#0"},
				"south": {"uv": [9, 9, 15, 15], "texture": "#0"},
				"west": {"uv": [9, 9, 15, 15], "texture": "#0"},
				"up": {"uv": [9, 9, 15, 15], "rotation": 90, "texture": "#0"},
				"down": {"uv": [9, 9, 15, 15], "rotation": 270, "texture": "#0"}
			}
		},
		{
			"name": "R",
			"from": [14.75, 4.5, 8.75],
			"to": [15.25, 5.5, 9.25],
			"rotation": {"angle": 0, "axis": "y", "origin": [8, 4, 8]},
			"faces": {
				"north": {"uv": [9, 9, 15, 15], "texture": "#0"},
				"east": {"uv": [9, 9, 15, 15], "texture": "#0"},
				"south": {"uv": [9, 9, 15, 15], "texture": "#0"},
				"west": {"uv": [9, 9, 15, 15], "texture": "#0"},
				"up": {"uv": [9, 9, 15, 15], "rotation": 90, "texture": "#0"},
				"down": {"uv": [9, 9, 15, 15], "rotation": 270, "texture": "#0"}
			}
		},
		{
			"name": "R",
			"from": [14.75, 4.5, 12.75],
			"to": [15.25, 5.5, 13.25],
			"rotation": {"angle": 0, "axis": "y", "origin": [8, 4, 8]},
			"faces": {
				"north": {"uv": [9, 9, 15, 15], "texture": "#0"},
				"east": {"uv": [9, 9, 15, 15], "texture": "#0"},
				"south": {"uv": [9, 9, 15, 15], "texture": "#0"},
				"west": {"uv": [9, 9, 15, 15], "texture": "#0"},
				"up": {"uv": [9, 9, 15, 15], "rotation": 90, "texture": "#0"},
				"down": {"uv": [9, 9, 15, 15], "rotation": 270, "texture": "#0"}
			}
		},
		{
			"name": "R",
			"from": [4.75, 4.5, 14.75],
			"to": [5.25, 5.5, 15.25],
			"rotation": {"angle": 0, "axis": "y", "origin": [8, 4, 8]},
			"faces": {
				"north": {"uv": [9, 9, 15, 15], "texture": "#0"},
				"east": {"uv": [9, 9, 15, 15], "texture": "#0"},
				"south": {"uv": [9, 9, 15, 15], "texture": "#0"},
				"west": {"uv": [9, 9, 15, 15], "texture": "#0"},
				"up": {"uv": [9, 9, 15, 15], "rotation": 90, "texture": "#0"},
				"down": {"uv": [9, 9, 15, 15], "rotation": 270, "texture": "#0"}
			}
		},
		{
			"name": "R",
			"from": [8.75, 4.5, 14.75],
			"to": [9.25, 5.5, 15.25],
			"rotation": {"angle": 0, "axis": "y", "origin": [8, 4, 8]},
			"faces": {
				"north": {"uv": [9, 9, 15, 15], "texture": "#0"},
				"east": {"uv": [9, 9, 15, 15], "texture": "#0"},
				"south": {"uv": [9, 9, 15, 15], "texture": "#0"},
				"west": {"uv": [9, 9, 15, 15], "texture": "#0"},
				"up": {"uv": [9, 9, 15, 15], "rotation": 90, "texture": "#0"},
				"down": {"uv": [9, 9, 15, 15], "rotation": 270, "texture": "#0"}
			}
		},
		{
			"name": "G",
			"from": [16.27817, 3.5, 8.20711],
			"to": [17.27817, 4.5, 9.20711],
			"rotation": {"angle": 45, "axis": "y", "origin": [9, 4, 8]},
			"faces": {
				"north": {"uv": [1, 9, 7, 15], "texture": "#0"},
				"east": {"uv": [1, 9, 7, 15], "texture": "#0"},
				"south": {"uv": [1, 9, 7, 15], "texture": "#0"},
				"west": {"uv": [1, 9, 7, 15], "texture": "#0"},
				"up": {"uv": [1, 9, 7, 15], "rotation": 90, "texture": "#0"},
				"down": {"uv": [1, 9, 7, 15], "rotation": 270, "texture": "#0"}
			}
		},
		{
			"name": "R",
			"from": [7.79289, 3.5, -1.69239],
			"to": [8.79289, 4.5, -0.69239],
			"rotation": {"angle": -45, "axis": "y", "origin": [9, 4, 8]},
			"faces": {
				"north": {"uv": [9, 9, 15, 15], "texture": "#0"},
				"east": {"uv": [9, 9, 15, 15], "texture": "#0"},
				"south": {"uv": [9, 9, 15, 15], "texture": "#0"},
				"west": {"uv": [9, 9, 15, 15], "texture": "#0"},
				"up": {"uv": [9, 9, 15, 15], "rotation": 90, "texture": "#0"},
				"down": {"uv": [9, 9, 15, 15], "rotation": 270, "texture": "#0"}
			}
		},
		{
			"name": "R",
			"from": [10.62132, 3.5, 1.13604],
			"to": [11.62132, 4.5, 2.13604],
			"rotation": {"angle": -45, "axis": "y", "origin": [9, 4, 8]},
			"faces": {
				"north": {"uv": [9, 9, 15, 15], "texture": "#0"},
				"east": {"uv": [9, 9, 15, 15], "texture": "#0"},
				"south": {"uv": [9, 9, 15, 15], "texture": "#0"},
				"west": {"uv": [9, 9, 15, 15], "texture": "#0"},
				"up": {"uv": [9, 9, 15, 15], "rotation": 90, "texture": "#0"},
				"down": {"uv": [9, 9, 15, 15], "rotation": 270, "texture": "#0"}
			}
		},
		{
			"name": "G",
			"from": [13.44975, 3.5, 11.03553],
			"to": [14.44975, 4.5, 12.03553],
			"rotation": {"angle": 45, "axis": "y", "origin": [9, 4, 8]},
			"faces": {
				"north": {"uv": [1, 9, 7, 15], "texture": "#0"},
				"east": {"uv": [1, 9, 7, 15], "texture": "#0"},
				"south": {"uv": [1, 9, 7, 15], "texture": "#0"},
				"west": {"uv": [1, 9, 7, 15], "texture": "#0"},
				"up": {"uv": [1, 9, 7, 15], "rotation": 90, "texture": "#0"},
				"down": {"uv": [1, 9, 7, 15], "rotation": 270, "texture": "#0"}
			}
		},
		{
			"name": "R",
			"from": [13.44975, 3.5, 3.96447],
			"to": [14.44975, 4.5, 4.96447],
			"rotation": {"angle": -45, "axis": "y", "origin": [9, 4, 8]},
			"faces": {
				"north": {"uv": [9, 9, 15, 15], "texture": "#0"},
				"east": {"uv": [9, 9, 15, 15], "texture": "#0"},
				"south": {"uv": [9, 9, 15, 15], "texture": "#0"},
				"west": {"uv": [9, 9, 15, 15], "texture": "#0"},
				"up": {"uv": [9, 9, 15, 15], "rotation": 90, "texture": "#0"},
				"down": {"uv": [9, 9, 15, 15], "rotation": 270, "texture": "#0"}
			}
		},
		{
			"name": "G",
			"from": [10.62132, 3.5, 13.86396],
			"to": [11.62132, 4.5, 14.86396],
			"rotation": {"angle": 45, "axis": "y", "origin": [9, 4, 8]},
			"faces": {
				"north": {"uv": [1, 9, 7, 15], "texture": "#0"},
				"east": {"uv": [1, 9, 7, 15], "texture": "#0"},
				"south": {"uv": [1, 9, 7, 15], "texture": "#0"},
				"west": {"uv": [1, 9, 7, 15], "texture": "#0"},
				"up": {"uv": [1, 9, 7, 15], "rotation": 90, "texture": "#0"},
				"down": {"uv": [1, 9, 7, 15], "rotation": 270, "texture": "#0"}
			}
		},
		{
			"name": "R",
			"from": [16.27817, 3.5, 6.79289],
			"to": [17.27817, 4.5, 7.79289],
			"rotation": {"angle": -45, "axis": "y", "origin": [9, 4, 8]},
			"faces": {
				"north": {"uv": [9, 9, 15, 15], "texture": "#0"},
				"east": {"uv": [9, 9, 15, 15], "texture": "#0"},
				"south": {"uv": [9, 9, 15, 15], "texture": "#0"},
				"west": {"uv": [9, 9, 15, 15], "texture": "#0"},
				"up": {"uv": [9, 9, 15, 15], "rotation": 90, "texture": "#0"},
				"down": {"uv": [9, 9, 15, 15], "rotation": 270, "texture": "#0"}
			}
		},
		{
			"name": "R",
			"from": [16.27817, 3.5, 9.62132],
			"to": [17.27817, 4.5, 10.62132],
			"rotation": {"angle": -45, "axis": "y", "origin": [9, 4, 8]},
			"faces": {
				"north": {"uv": [9, 9, 15, 15], "texture": "#0"},
				"east": {"uv": [9, 9, 15, 15], "texture": "#0"},
				"south": {"uv": [9, 9, 15, 15], "texture": "#0"},
				"west": {"uv": [9, 9, 15, 15], "texture": "#0"},
				"up": {"uv": [9, 9, 15, 15], "rotation": 90, "texture": "#0"},
				"down": {"uv": [9, 9, 15, 15], "rotation": 270, "texture": "#0"}
			}
		},
		{
			"name": "G",
			"from": [7.79289, 3.5, 16.69239],
			"to": [8.79289, 4.5, 17.69239],
			"rotation": {"angle": 45, "axis": "y", "origin": [9, 4, 8]},
			"faces": {
				"north": {"uv": [1, 9, 7, 15], "texture": "#0"},
				"east": {"uv": [1, 9, 7, 15], "texture": "#0"},
				"south": {"uv": [1, 9, 7, 15], "texture": "#0"},
				"west": {"uv": [1, 9, 7, 15], "texture": "#0"},
				"up": {"uv": [1, 9, 7, 15], "rotation": 90, "texture": "#0"},
				"down": {"uv": [1, 9, 7, 15], "rotation": 270, "texture": "#0"}
			}
		},
		{
			"name": "R",
			"from": [13.44975, 3.5, 12.44975],
			"to": [14.44975, 4.5, 13.44975],
			"rotation": {"angle": -45, "axis": "y", "origin": [9, 4, 8]},
			"faces": {
				"north": {"uv": [9, 9, 15, 15], "texture": "#0"},
				"east": {"uv": [9, 9, 15, 15], "texture": "#0"},
				"south": {"uv": [9, 9, 15, 15], "texture": "#0"},
				"west": {"uv": [9, 9, 15, 15], "texture": "#0"},
				"up": {"uv": [9, 9, 15, 15], "rotation": 90, "texture": "#0"},
				"down": {"uv": [9, 9, 15, 15], "rotation": 270, "texture": "#0"}
			}
		},
		{
			"name": "G",
			"from": [4.96447, 3.5, 13.86396],
			"to": [5.96447, 4.5, 14.86396],
			"rotation": {"angle": 45, "axis": "y", "origin": [9, 4, 8]},
			"faces": {
				"north": {"uv": [1, 9, 7, 15], "texture": "#0"},
				"east": {"uv": [1, 9, 7, 15], "texture": "#0"},
				"south": {"uv": [1, 9, 7, 15], "texture": "#0"},
				"west": {"uv": [1, 9, 7, 15], "texture": "#0"},
				"up": {"uv": [1, 9, 7, 15], "rotation": 90, "texture": "#0"},
				"down": {"uv": [1, 9, 7, 15], "rotation": 270, "texture": "#0"}
			}
		},
		{
			"name": "R",
			"from": [10.62132, 3.5, 15.27817],
			"to": [11.62132, 4.5, 16.27817],
			"rotation": {"angle": -45, "axis": "y", "origin": [9, 4, 8]},
			"faces": {
				"north": {"uv": [9, 9, 15, 15], "texture": "#0"},
				"east": {"uv": [9, 9, 15, 15], "texture": "#0"},
				"south": {"uv": [9, 9, 15, 15], "texture": "#0"},
				"west": {"uv": [9, 9, 15, 15], "texture": "#0"},
				"up": {"uv": [9, 9, 15, 15], "rotation": 90, "texture": "#0"},
				"down": {"uv": [9, 9, 15, 15], "rotation": 270, "texture": "#0"}
			}
		},
		{
			"name": "G",
			"from": [2.13604, 3.5, 11.03553],
			"to": [3.13604, 4.5, 12.03553],
			"rotation": {"angle": 45, "axis": "y", "origin": [9, 4, 8]},
			"faces": {
				"north": {"uv": [1, 9, 7, 15], "texture": "#0"},
				"east": {"uv": [1, 9, 7, 15], "texture": "#0"},
				"south": {"uv": [1, 9, 7, 15], "texture": "#0"},
				"west": {"uv": [1, 9, 7, 15], "texture": "#0"},
				"up": {"uv": [1, 9, 7, 15], "rotation": 90, "texture": "#0"},
				"down": {"uv": [1, 9, 7, 15], "rotation": 270, "texture": "#0"}
			}
		},
		{
			"name": "G",
			"from": [-0.69239, 3.5, 8.20711],
			"to": [0.30761, 4.5, 9.20711],
			"rotation": {"angle": 45, "axis": "y", "origin": [9, 4, 8]},
			"faces": {
				"north": {"uv": [1, 9, 7, 15], "texture": "#0"},
				"east": {"uv": [1, 9, 7, 15], "texture": "#0"},
				"south": {"uv": [1, 9, 7, 15], "texture": "#0"},
				"west": {"uv": [1, 9, 7, 15], "texture": "#0"},
				"up": {"uv": [1, 9, 7, 15], "rotation": 90, "texture": "#0"},
				"down": {"uv": [1, 9, 7, 15], "rotation": 270, "texture": "#0"}
			}
		},
		{
			"name": "G",
			"from": [5.79289, 3.5, -1.69239],
			"to": [6.79289, 4.5, -0.69239],
			"rotation": {"angle": -45, "axis": "y", "origin": [7, 4, 8]},
			"faces": {
				"north": {"uv": [1, 9, 7, 15], "texture": "#0"},
				"east": {"uv": [1, 9, 7, 15], "texture": "#0"},
				"south": {"uv": [1, 9, 7, 15], "texture": "#0"},
				"west": {"uv": [1, 9, 7, 15], "texture": "#0"},
				"up": {"uv": [1, 9, 7, 15], "rotation": 180, "texture": "#0"},
				"down": {"uv": [1, 9, 7, 15], "rotation": 180, "texture": "#0"}
			}
		},
		{
			"name": "G",
			"from": [5.79289, 3.5, 15.27817],
			"to": [6.79289, 4.5, 16.27817],
			"rotation": {"angle": -45, "axis": "y", "origin": [7, 4, 8]},
			"faces": {
				"north": {"uv": [1, 9, 7, 15], "texture": "#0"},
				"east": {"uv": [1, 9, 7, 15], "texture": "#0"},
				"south": {"uv": [1, 9, 7, 15], "texture": "#0"},
				"west": {"uv": [1, 9, 7, 15], "texture": "#0"},
				"up": {"uv": [1, 9, 7, 15], "rotation": 180, "texture": "#0"},
				"down": {"uv": [1, 9, 7, 15], "rotation": 180, "texture": "#0"}
			}
		},
		{
			"name": "R",
			"from": [7.20711, 3.5, 16.69239],
			"to": [8.20711, 4.5, 17.69239],
			"rotation": {"angle": -45, "axis": "y", "origin": [7, 4, 8]},
			"faces": {
				"north": {"uv": [9, 9, 15, 15], "texture": "#0"},
				"east": {"uv": [9, 9, 15, 15], "texture": "#0"},
				"south": {"uv": [9, 9, 15, 15], "texture": "#0"},
				"west": {"uv": [9, 9, 15, 15], "texture": "#0"},
				"up": {"uv": [9, 9, 15, 15], "rotation": 270, "texture": "#0"},
				"down": {"uv": [9, 9, 15, 15], "rotation": 90, "texture": "#0"}
			}
		},
		{
			"name": "R",
			"from": [4.37868, 3.5, 13.86396],
			"to": [5.37868, 4.5, 14.86396],
			"rotation": {"angle": -45, "axis": "y", "origin": [7, 4, 8]},
			"faces": {
				"north": {"uv": [9, 9, 15, 15], "texture": "#0"},
				"east": {"uv": [9, 9, 15, 15], "texture": "#0"},
				"south": {"uv": [9, 9, 15, 15], "texture": "#0"},
				"west": {"uv": [9, 9, 15, 15], "texture": "#0"},
				"up": {"uv": [9, 9, 15, 15], "rotation": 270, "texture": "#0"},
				"down": {"uv": [9, 9, 15, 15], "rotation": 90, "texture": "#0"}
			}
		},
		{
			"name": "G",
			"from": [2.96447, 3.5, 12.44975],
			"to": [3.96447, 4.5, 13.44975],
			"rotation": {"angle": -45, "axis": "y", "origin": [7, 4, 8]},
			"faces": {
				"north": {"uv": [1, 9, 7, 15], "texture": "#0"},
				"east": {"uv": [1, 9, 7, 15], "texture": "#0"},
				"south": {"uv": [1, 9, 7, 15], "texture": "#0"},
				"west": {"uv": [1, 9, 7, 15], "texture": "#0"},
				"up": {"uv": [1, 9, 7, 15], "rotation": 180, "texture": "#0"},
				"down": {"uv": [1, 9, 7, 15], "rotation": 180, "texture": "#0"}
			}
		},
		{
			"name": "R",
			"from": [1.55025, 3.5, 11.03553],
			"to": [2.55025, 4.5, 12.03553],
			"rotation": {"angle": -45, "axis": "y", "origin": [7, 4, 8]},
			"faces": {
				"north": {"uv": [9, 9, 15, 15], "texture": "#0"},
				"east": {"uv": [9, 9, 15, 15], "texture": "#0"},
				"south": {"uv": [9, 9, 15, 15], "texture": "#0"},
				"west": {"uv": [9, 9, 15, 15], "texture": "#0"},
				"up": {"uv": [9, 9, 15, 15], "rotation": 270, "texture": "#0"},
				"down": {"uv": [9, 9, 15, 15], "rotation": 90, "texture": "#0"}
			}
		},
		{
			"name": "G",
			"from": [0.13604, 3.5, 9.62132],
			"to": [1.13604, 4.5, 10.62132],
			"rotation": {"angle": -45, "axis": "y", "origin": [7, 4, 8]},
			"faces": {
				"north": {"uv": [1, 9, 7, 15], "texture": "#0"},
				"east": {"uv": [1, 9, 7, 15], "texture": "#0"},
				"south": {"uv": [1, 9, 7, 15], "texture": "#0"},
				"west": {"uv": [1, 9, 7, 15], "texture": "#0"},
				"up": {"uv": [1, 9, 7, 15], "rotation": 180, "texture": "#0"},
				"down": {"uv": [1, 9, 7, 15], "rotation": 180, "texture": "#0"}
			}
		},
		{
			"name": "R",
			"from": [-1.27817, 3.5, 8.20711],
			"to": [-0.27817, 4.5, 9.20711],
			"rotation": {"angle": -45, "axis": "y", "origin": [7, 4, 8]},
			"faces": {
				"north": {"uv": [9, 9, 15, 15], "texture": "#0"},
				"east": {"uv": [9, 9, 15, 15], "texture": "#0"},
				"south": {"uv": [9, 9, 15, 15], "texture": "#0"},
				"west": {"uv": [9, 9, 15, 15], "texture": "#0"},
				"up": {"uv": [9, 9, 15, 15], "rotation": 270, "texture": "#0"},
				"down": {"uv": [9, 9, 15, 15], "rotation": 90, "texture": "#0"}
			}
		},
		{
			"name": "R",
			"from": [-1.27817, 3.5, 5.37868],
			"to": [-0.27817, 4.5, 6.37868],
			"rotation": {"angle": -45, "axis": "y", "origin": [7, 4, 8]},
			"faces": {
				"north": {"uv": [9, 9, 15, 15], "texture": "#0"},
				"east": {"uv": [9, 9, 15, 15], "texture": "#0"},
				"south": {"uv": [9, 9, 15, 15], "texture": "#0"},
				"west": {"uv": [9, 9, 15, 15], "texture": "#0"},
				"up": {"uv": [9, 9, 15, 15], "rotation": 270, "texture": "#0"},
				"down": {"uv": [9, 9, 15, 15], "rotation": 90, "texture": "#0"}
			}
		},
		{
			"name": "G",
			"from": [-2.69239, 3.5, 6.79289],
			"to": [-1.69239, 4.5, 7.79289],
			"rotation": {"angle": -45, "axis": "y", "origin": [7, 4, 8]},
			"faces": {
				"north": {"uv": [1, 9, 7, 15], "texture": "#0"},
				"east": {"uv": [1, 9, 7, 15], "texture": "#0"},
				"south": {"uv": [1, 9, 7, 15], "texture": "#0"},
				"west": {"uv": [1, 9, 7, 15], "texture": "#0"},
				"up": {"uv": [1, 9, 7, 15], "rotation": 180, "texture": "#0"},
				"down": {"uv": [1, 9, 7, 15], "rotation": 180, "texture": "#0"}
			}
		},
		{
			"name": "R",
			"from": [1.55025, 3.5, 2.55025],
			"to": [2.55025, 4.5, 3.55025],
			"rotation": {"angle": -45, "axis": "y", "origin": [7, 4, 8]},
			"faces": {
				"north": {"uv": [9, 9, 15, 15], "texture": "#0"},
				"east": {"uv": [9, 9, 15, 15], "texture": "#0"},
				"south": {"uv": [9, 9, 15, 15], "texture": "#0"},
				"west": {"uv": [9, 9, 15, 15], "texture": "#0"},
				"up": {"uv": [9, 9, 15, 15], "rotation": 270, "texture": "#0"},
				"down": {"uv": [9, 9, 15, 15], "rotation": 90, "texture": "#0"}
			}
		},
		{
			"name": "G",
			"from": [0.13604, 3.5, 3.96447],
			"to": [1.13604, 4.5, 4.96447],
			"rotation": {"angle": -45, "axis": "y", "origin": [7, 4, 8]},
			"faces": {
				"north": {"uv": [1, 9, 7, 15], "texture": "#0"},
				"east": {"uv": [1, 9, 7, 15], "texture": "#0"},
				"south": {"uv": [1, 9, 7, 15], "texture": "#0"},
				"west": {"uv": [1, 9, 7, 15], "texture": "#0"},
				"up": {"uv": [1, 9, 7, 15], "rotation": 180, "texture": "#0"},
				"down": {"uv": [1, 9, 7, 15], "rotation": 180, "texture": "#0"}
			}
		},
		{
			"name": "R",
			"from": [4.37868, 3.5, -0.27817],
			"to": [5.37868, 4.5, 0.72183],
			"rotation": {"angle": -45, "axis": "y", "origin": [7, 4, 8]},
			"faces": {
				"north": {"uv": [9, 9, 15, 15], "texture": "#0"},
				"east": {"uv": [9, 9, 15, 15], "texture": "#0"},
				"south": {"uv": [9, 9, 15, 15], "texture": "#0"},
				"west": {"uv": [9, 9, 15, 15], "texture": "#0"},
				"up": {"uv": [9, 9, 15, 15], "rotation": 270, "texture": "#0"},
				"down": {"uv": [9, 9, 15, 15], "rotation": 90, "texture": "#0"}
			}
		},
		{
			"name": "G",
			"from": [2.96447, 3.5, 1.13604],
			"to": [3.96447, 4.5, 2.13604],
			"rotation": {"angle": -45, "axis": "y", "origin": [7, 4, 8]},
			"faces": {
				"north": {"uv": [1, 9, 7, 15], "texture": "#0"},
				"east": {"uv": [1, 9, 7, 15], "texture": "#0"},
				"south": {"uv": [1, 9, 7, 15], "texture": "#0"},
				"west": {"uv": [1, 9, 7, 15], "texture": "#0"},
				"up": {"uv": [1, 9, 7, 15], "rotation": 180, "texture": "#0"},
				"down": {"uv": [1, 9, 7, 15], "rotation": 180, "texture": "#0"}
			}
		}
	],
	"display": {
		"head": {
			"translation": [0, 6.5, 0],
			"scale": [1.6, 1.6, 1.6]
		}
	},
	"groups": [
		0,
		1,
		2,
		{
			"name": "RG",
			"origin": [8, 8, 8],
			"color": 0,
			"children": [3, 4, 5, 6, 7, 8, 9, 10, 11, 12, 13, 14, 15, 16, 17, 18, 19, 20, 21, 22, 23, 24, 25, 26, 27, 28, 29, 30]
		},
		{
			"name": "Bommel",
			"origin": [8, 8, 8],
			"color": 0,
			"children": [
				{
					"name": "RG",
					"origin": [8, 8, 8],
					"color": 0,
					"children": [31, 32, 33, 34, 35, 36, 37, 38, 39, 40, 41, 42, 43, 44, 45, 46, 47, 48, 49, 50, 51, 52, 53, 54, 55, 56, 57, 58]
				},
				{
					"name": "RG",
					"origin": [8, 8, 8],
					"color": 0,
					"children": [59, 60, 61, 62, 63, 64, 65, 66, 67, 68, 69, 70, 71, 72, 73, 74, 75, 76, 77, 78, 79, 80, 81, 82, 83, 84, 85, 86]
				}
			]
		}
	]
}