{
	"credit": "Made with Blockbench",
	"textures": {
		"0": "item/cocoa_beans",
		"1": "item/cocoa_beans_screen",
		"2": "item/cocoa_beans_beans",
		"particle": "item/cocoa_beans"
	},
	"elements": [
		{
			"name": "Base",
			"from": [2, 0, 0],
			"to": [14, 2, 16],
			"rotation": {"angle": 0, "axis": "y", "origin": [-2, 0, 0]},
			"faces": {
				"north": {"uv": [1, 1, 7, 7], "texture": "#0"},
				"east": {"uv": [1, 1, 7, 7], "texture": "#0"},
				"south": {"uv": [1, 1, 7, 7], "texture": "#0"},
				"west": {"uv": [1, 1, 7, 7], "texture": "#0"},
				"up": {"uv": [1, 1, 7, 7], "texture": "#0"},
				"down": {"uv": [1, 1, 7, 7], "texture": "#0"}
			}
		},
		{
			"name": "Base",
			"from": [6, 22, 0],
			"to": [14, 24, 6],
			"rotation": {"angle": 0, "axis": "y", "origin": [-2, 22, 0]},
			"faces": {
				"north": {"uv": [1, 1, 7, 7], "texture": "#0"},
				"east": {"uv": [1, 1, 7, 7], "texture": "#0"},
				"south": {"uv": [1, 1, 7, 7], "texture": "#0"},
				"west": {"uv": [1, 1, 7, 7], "texture": "#0"},
				"up": {"uv": [1, 1, 7, 7], "texture": "#0"},
				"down": {"uv": [1, 1, 7, 7], "texture": "#0"}
			}
		},
		{
			"name": "Base",
			"from": [6, 22, 10],
			"to": [14, 24, 16],
			"rotation": {"angle": 0, "axis": "y", "origin": [-2, 22, 10]},
			"faces": {
				"north": {"uv": [1, 1, 7, 7], "texture": "#0"},
				"east": {"uv": [1, 1, 7, 7], "texture": "#0"},
				"south": {"uv": [1, 1, 7, 7], "texture": "#0"},
				"west": {"uv": [1, 1, 7, 7], "texture": "#0"},
				"up": {"uv": [1, 1, 7, 7], "texture": "#0"},
				"down": {"uv": [1, 1, 7, 7], "texture": "#0"}
			}
		},
		{
			"name": "Base",
			"from": [6, 24, 0],
			"to": [14, 27, 6],
			"rotation": {"angle": 0, "axis": "y", "origin": [-2, 24, 0]},
			"faces": {
				"north": {"uv": [9, 1, 15, 7], "texture": "#2"},
				"east": {"uv": [9, 1, 15, 7], "texture": "#2"},
				"south": {"uv": [9, 1, 15, 7], "texture": "#2"},
				"west": {"uv": [0, 0, 16, 16], "texture": "#2"},
				"up": {"uv": [9, 1, 15, 7], "texture": "#2"},
				"down": {"uv": [9, 1, 15, 7], "texture": "#2"}
			}
		},
		{
			"name": "Base",
			"from": [6, 24, 13],
			"to": [14, 27, 16],
			"rotation": {"angle": 0, "axis": "y", "origin": [-2, 24, 10]},
			"faces": {
				"north": {"uv": [9, 1, 15, 7], "texture": "#0"},
				"east": {"uv": [9, 1, 15, 7], "texture": "#0"},
				"south": {"uv": [9, 1, 15, 7], "texture": "#0"},
				"west": {"uv": [9, 1, 15, 7], "texture": "#0"},
				"up": {"uv": [9, 1, 15, 7], "texture": "#0"},
				"down": {"uv": [9, 1, 15, 7], "texture": "#0"}
			}
		},
		{
			"name": "Base",
			"from": [6, 24, 10],
			"to": [14, 27, 13],
			"rotation": {"angle": 0, "axis": "y", "origin": [-2, 24, 7]},
			"faces": {
				"north": {"uv": [0, 0, 0.15385, 0.15385], "texture": "#2"},
				"east": {"uv": [0, 0, 0.15385, 0.15385], "texture": "#2"},
				"south": {"uv": [0, 0, 0.15385, 0.15385], "texture": "#2"},
				"west": {"uv": [0, 0, 0.15385, 0.15385], "texture": "#2"},
				"up": {"uv": [0, 0, 0.15385, 0.15385], "texture": "#2"},
				"down": {"uv": [0, 0, 0.15385, 0.15385], "texture": "#2"}
			}
		},
		{
			"name": "Base",
			"from": [6, 27, 10],
			"to": [14, 28, 16],
			"rotation": {"angle": 0, "axis": "y", "origin": [-2, 27, 10]},
			"faces": {
				"north": {"uv": [1, 1, 7, 7], "texture": "#0"},
				"east": {"uv": [1, 1, 7, 7], "texture": "#0"},
				"south": {"uv": [1, 1, 7, 7], "texture": "#0"},
				"west": {"uv": [1, 1, 7, 7], "texture": "#0"},
				"up": {"uv": [1, 1, 7, 7], "texture": "#0"},
				"down": {"uv": [1, 1, 7, 7], "texture": "#0"}
			}
		},
		{
			"name": "Base",
			"from": [6, 27, 0],
			"to": [14, 28, 6],
			"rotation": {"angle": 0, "axis": "y", "origin": [-2, 27, 0]},
			"faces": {
				"north": {"uv": [1, 1, 7, 7], "texture": "#0"},
				"east": {"uv": [1, 1, 7, 7], "texture": "#0"},
				"south": {"uv": [1, 1, 7, 7], "texture": "#0"},
				"west": {"uv": [1, 1, 7, 7], "texture": "#0"},
				"up": {"uv": [1, 1, 7, 7], "texture": "#0"},
				"down": {"uv": [1, 1, 7, 7], "texture": "#0"}
			}
		},
		{
			"from": [6, 2, 0],
			"to": [14, 10, 16],
			"rotation": {"angle": 0, "axis": "y", "origin": [12, 2, 0]},
			"faces": {
				"north": {"uv": [1, 9, 7, 15], "texture": "#0"},
				"east": {"uv": [1, 9, 7, 15], "texture": "#0"},
				"south": {"uv": [1, 9, 7, 15], "texture": "#0"},
				"west": {"uv": [1, 9, 7, 15], "texture": "#0"},
				"up": {"uv": [1, 9, 7, 15], "texture": "#0"},
				"down": {"uv": [1, 9, 7, 15], "texture": "#0"}
			}
		},
		{
			"from": [5.75, 9, 11.5],
			"to": [7.75, 10, 15.5],
			"rotation": {"angle": 0, "axis": "y", "origin": [11.75, 2, 0]},
			"faces": {
				"north": {"uv": [9, 9, 15, 15], "texture": "#0"},
				"east": {"uv": [9, 9, 15, 15], "texture": "#0"},
				"south": {"uv": [9, 9, 15, 15], "texture": "#0"},
				"west": {"uv": [9, 9, 15, 15], "texture": "#0"},
				"up": {"uv": [9, 9, 15, 15], "texture": "#0"},
				"down": {"uv": [9, 9, 15, 15], "texture": "#0"}
			}
		},
		{
			"from": [5.75, 24, 12.5],
			"to": [13.75, 27, 13.5],
			"rotation": {"angle": 0, "axis": "y", "origin": [11.75, 17, 0]},
			"faces": {
				"north": {"uv": [9, 9, 15, 15], "texture": "#0"},
				"east": {"uv": [9, 9, 15, 15], "texture": "#0"},
				"south": {"uv": [9, 9, 15, 15], "texture": "#0"},
				"west": {"uv": [9, 9, 15, 15], "texture": "#0"},
				"up": {"uv": [9, 9, 15, 15], "texture": "#0"},
				"down": {"uv": [9, 9, 15, 15], "texture": "#0"}
			}
		},
		{
			"from": [2.75, 1.25, 4.5],
			"to": [7.75, 2.25, 11.5],
			"rotation": {"angle": 0, "axis": "y", "origin": [11.75, -5.75, -5]},
			"faces": {
				"north": {"uv": [9, 9, 15, 15], "texture": "#0"},
				"east": {"uv": [9, 9, 15, 15], "texture": "#0"},
				"south": {"uv": [9, 9, 15, 15], "texture": "#0"},
				"west": {"uv": [9, 9, 15, 15], "texture": "#0"},
				"up": {"uv": [9, 9, 15, 15], "texture": "#0"},
				"down": {"uv": [9, 9, 15, 15], "texture": "#0"}
			}
		},
		{
			"from": [5, 11, 5],
			"to": [13.75, 21, 11],
			"rotation": {"angle": 0, "axis": "y", "origin": [12, 11, 0]},
			"faces": {
				"north": {"uv": [1, 9, 7, 15], "texture": "#0"},
				"east": {"uv": [1, 9, 7, 15], "texture": "#0"},
				"south": {"uv": [1, 9, 7, 15], "texture": "#0"},
				"west": {"uv": [1, 9, 7, 15], "texture": "#0"},
				"up": {"uv": [1, 9, 7, 15], "texture": "#0"},
				"down": {"uv": [1, 9, 7, 15], "texture": "#0"}
			}
		},
		{
			"from": [5, 9.5, 5],
			"to": [14, 10, 11],
			"rotation": {"angle": 0, "axis": "y", "origin": [12, 9, 0]},
			"faces": {
				"north": {"uv": [1, 9, 7, 15], "texture": "#0"},
				"east": {"uv": [1, 9, 7, 15], "texture": "#0"},
				"south": {"uv": [1, 9, 7, 15], "texture": "#0"},
				"west": {"uv": [1, 9, 7, 15], "texture": "#0"},
				"up": {"uv": [1, 9, 7, 15], "texture": "#0"},
				"down": {"uv": [1, 9, 7, 15], "texture": "#0"}
			}
		},
		{
			"from": [5.75, 21.75, -0.25],
			"to": [14.25, 22.25, 16.25],
			"rotation": {"angle": 0, "axis": "y", "origin": [12, 21.25, 0]},
			"faces": {
				"north": {"uv": [1, 9, 7, 15], "texture": "#0"},
				"east": {"uv": [1, 9, 7, 15], "texture": "#0"},
				"south": {"uv": [1, 9, 7, 15], "texture": "#0"},
				"west": {"uv": [1, 9, 7, 15], "texture": "#0"},
				"up": {"uv": [1, 9, 7, 15], "texture": "#0"},
				"down": {"uv": [1, 9, 7, 15], "texture": "#0"}
			}
		},
		{
			"from": [5.5, 10, 5],
			"to": [14.5, 11, 11],
			"rotation": {"angle": 0, "axis": "y", "origin": [12.5, 10, 0]},
			"faces": {
				"north": {"uv": [1, 1, 7, 7], "texture": "#0"},
				"east": {"uv": [1, 1, 7, 7], "texture": "#0"},
				"south": {"uv": [1, 1, 7, 7], "texture": "#0"},
				"west": {"uv": [1, 1, 7, 7], "texture": "#0"},
				"up": {"uv": [1, 1, 7, 7], "texture": "#0"},
				"down": {"uv": [1, 1, 7, 7], "texture": "#0"}
			}
		},
		{
			"from": [6, 10, 0],
			"to": [14, 22, 16],
			"rotation": {"angle": 0, "axis": "y", "origin": [12, 10, 0]},
			"faces": {
				"north": {"uv": [9, 1, 15, 7], "texture": "#0"},
				"east": {"uv": [9, 1, 15, 7], "texture": "#0"},
				"south": {"uv": [9, 1, 15, 7], "texture": "#0"},
				"west": {"uv": [9, 1, 15, 7], "texture": "#0"},
				"up": {"uv": [9, 1, 15, 7], "texture": "#0"},
				"down": {"uv": [9, 1, 15, 7], "texture": "#0"}
			}
		},
		{
			"from": [5, 10, 6],
			"to": [6, 11, 10],
			"rotation": {"angle": 0, "axis": "y", "origin": [11, 10, 1]},
			"faces": {
				"north": {"uv": [9, 1, 15, 7], "texture": "#0"},
				"east": {"uv": [9, 1, 15, 7], "texture": "#0"},
				"south": {"uv": [9, 1, 15, 7], "texture": "#0"},
				"west": {"uv": [9, 1, 15, 7], "texture": "#0"},
				"up": {"uv": [9, 1, 15, 7], "texture": "#0"},
				"down": {"uv": [9, 1, 15, 7], "texture": "#0"}
			}
		},
		{
			"name": "Screen",
			"from": [4.75, 12.25, 6],
			"to": [5.75, 19.975, 10.0875],
			"rotation": {"angle": 0, "axis": "y", "origin": [7.875, 15.34, 7.635]},
			"faces": {
				"north": {"uv": [0, 0, 0, 0], "texture": "#1"},
				"east": {"uv": [0, 0, 0, 0], "texture": "#1"},
				"south": {"uv": [0, 0, 0, 0], "texture": "#1"},
				"west": {"uv": [0, 0, 16, 16], "texture": "#1"},
				"up": {"uv": [0, 0, 0, 0], "texture": "#1"},
				"down": {"uv": [0, 0, 0, 0], "texture": "#1"}
			}
		},
		{
			"from": [5, 12, 1],
			"to": [6, 14, 4],
			"rotation": {"angle": 0, "axis": "y", "origin": [4, 12, 1]},
			"faces": {
				"north": {"uv": [1, 1, 7, 7], "texture": "#0"},
				"east": {"uv": [1, 1, 7, 7], "texture": "#0"},
				"south": {"uv": [1, 1, 7, 7], "texture": "#0"},
				"west": {"uv": [1, 1, 7, 7], "texture": "#0"},
				"up": {"uv": [1, 1, 7, 7], "texture": "#0"},
				"down": {"uv": [1, 1, 7, 7], "texture": "#0"}
			}
		},
		{
			"from": [4.25, 7, 1.25],
			"to": [5, 14.5, 2],
			"rotation": {"angle": 0, "axis": "y", "origin": [3, 12, 1]},
			"faces": {
				"north": {"uv": [9, 9, 15, 15], "texture": "#0"},
				"east": {"uv": [9, 9, 15, 15], "texture": "#0"},
				"south": {"uv": [9, 9, 15, 15], "texture": "#0"},
				"west": {"uv": [9, 9, 15, 15], "texture": "#0"},
				"up": {"uv": [9, 9, 15, 15], "texture": "#0"},
				"down": {"uv": [9, 9, 15, 15], "texture": "#0"}
			}
		},
		{
			"from": [4, 10, 2.75],
			"to": [5, 14.5, 3.75],
			"rotation": {"angle": 0, "axis": "y", "origin": [3, 12, 2.75]},
			"faces": {
				"north": {"uv": [9, 9, 15, 15], "texture": "#0"},
				"east": {"uv": [9, 9, 15, 15], "texture": "#0"},
				"south": {"uv": [9, 9, 15, 15], "texture": "#0"},
				"west": {"uv": [9, 9, 15, 15], "texture": "#0"},
				"up": {"uv": [9, 9, 15, 15], "texture": "#0"},
				"down": {"uv": [9, 9, 15, 15], "texture": "#0"}
			}
		}
	],
	"display": {
		"fixed": {
			"rotation": [-90, 0, 0],
			"translation": [0, 0, -10],
			"scale": [1.5, 1.5, 1.5]
		}
	}
}