{
	"credit": "Made with Blockbench",
	"textures": {
		"0": "item/golden_carrot",
		"particle": "item/golden_carrot"
	},
	"elements": [
		{
			"from": [-1.5, 0, 7],
			"to": [17.6, 10.8, 9],
			"rotation": {"angle": 0, "axis": "y", "origin": [-0.5, 0, 7]},
			"faces": {
				"north": {"uv": [0, 0, 16, 16], "texture": "#0"},
				"east": {"uv": [0, 0, 0.2, 16], "texture": "#0"},
				"south": {"uv": [16, 0, 0, 16], "texture": "#0"},
				"west": {"uv": [15.8, 0, 16, 16], "texture": "#0"},
				"up": {"uv": [0, 0, 16, 0.2], "rotation": 180, "texture": "#0"},
				"down": {"uv": [0, 15.8, 16, 16], "texture": "#0"}
			}
		}
	],
	"display": {
		"fixed": {
			"translation": [0, 6, 0],
			"scale": [2.5, 2.5, 0.5]
		}
	}
}