{
	"credit": "Made with Blockbench",
	"textures": {
		"1": "block/black_terracotta",
		"2": "block/glass"
	},
	"elements": [
		{
			"from": [6.35, 0.5, 9.075],
			"to": [9.15, 10.5, 11.075],
			"rotation": {"angle": -45, "axis": "y", "origin": [7.75, 1.5, 8.25]},
			"faces": {
				"north": {"uv": [8, 7, 9, 8], "texture": "#2"},
				"east": {"uv": [8, 7, 9, 8], "texture": "#2"},
				"south": {"uv": [11, 0, 15, 16], "texture": "#2"},
				"west": {"uv": [8, 7, 9, 8], "texture": "#2"},
				"up": {"uv": [0, 7, 1, 8], "texture": "#2"},
				"down": {"uv": [15, 7, 16, 8], "texture": "#2"}
			}
		},
		{
			"from": [9.075, 0.5, 6.85],
			"to": [11.075, 10.5, 9.65],
			"rotation": {"angle": -45, "axis": "y", "origin": [8.25, 1.5, 8.25]},
			"faces": {
				"north": {"uv": [8, 7, 9, 8], "texture": "#2"},
				"east": {"uv": [11, 0, 15, 16], "texture": "#2"},
				"south": {"uv": [8, 7, 9, 8], "texture": "#2"},
				"west": {"uv": [8, 7, 9, 8], "texture": "#2"},
				"up": {"uv": [0, 7, 1, 8], "texture": "#2"},
				"down": {"uv": [15, 7, 16, 8], "texture": "#2"}
			}
		},
		{
			"from": [4.925, 0.5, 6.35],
			"to": [6.925, 10.5, 9.15],
			"rotation": {"angle": -45, "axis": "y", "origin": [7.75, 1.5, 7.75]},
			"faces": {
				"north": {"uv": [8, 7, 9, 8], "texture": "#2"},
				"east": {"uv": [8, 7, 9, 8], "texture": "#2"},
				"south": {"uv": [8, 7, 9, 8], "texture": "#2"},
				"west": {"uv": [11, 0, 15, 16], "texture": "#2"},
				"up": {"uv": [0, 7, 1, 8], "texture": "#2"},
				"down": {"uv": [15, 7, 16, 8], "texture": "#2"}
			}
		},
		{
			"from": [6.85, 0.5, 4.925],
			"to": [9.65, 10.5, 6.925],
			"rotation": {"angle": -45, "axis": "y", "origin": [8.25, 1.5, 7.75]},
			"faces": {
				"north": {"uv": [11, 0, 15, 16], "texture": "#2"},
				"east": {"uv": [8, 7, 9, 8], "texture": "#2"},
				"south": {"uv": [8, 7, 9, 8], "texture": "#2"},
				"west": {"uv": [8, 7, 9, 8], "texture": "#2"},
				"up": {"uv": [0, 7, 1, 8], "texture": "#2"},
				"down": {"uv": [15, 7, 16, 8], "texture": "#2"}
			}
		},
		{
			"from": [6.75, 0.5, 7.25],
			"to": [9.25, 10.5, 11.25],
			"rotation": {"angle": 0, "axis": "y", "origin": [7, 0.5, 9.25]},
			"faces": {
				"north": {"uv": [8, 7, 9, 8], "texture": "#2"},
				"east": {"uv": [8, 7, 9, 8], "texture": "#2"},
				"south": {"uv": [2, 0, 6, 16], "texture": "#2"},
				"west": {"uv": [8, 7, 9, 8], "texture": "#2"},
				"up": {"uv": [0, 7, 1, 8], "texture": "#2"},
				"down": {"uv": [15, 7, 16, 8], "texture": "#2"}
			}
		},
		{
			"from": [8.25, 0.5, 6.75],
			"to": [11.25, 10.5, 9.25],
			"rotation": {"angle": 0, "axis": "y", "origin": [9.25, 0.5, 7]},
			"faces": {
				"north": {"uv": [8, 7, 9, 8], "texture": "#2"},
				"east": {"uv": [2, 0, 6, 16], "texture": "#2"},
				"south": {"uv": [8, 7, 9, 8], "texture": "#2"},
				"west": {"uv": [8, 7, 9, 8], "texture": "#2"},
				"up": {"uv": [0, 7, 1, 8], "texture": "#2"},
				"down": {"uv": [15, 7, 16, 8], "texture": "#2"}
			}
		},
		{
			"from": [4.75, 0.5, 6.75],
			"to": [7.75, 10.5, 9.25],
			"rotation": {"angle": 0, "axis": "y", "origin": [4.75, 0.5, 7]},
			"faces": {
				"north": {"uv": [8, 7, 9, 8], "texture": "#2"},
				"east": {"uv": [8, 7, 9, 8], "texture": "#2"},
				"south": {"uv": [8, 7, 9, 8], "texture": "#2"},
				"west": {"uv": [2, 0, 6, 16], "texture": "#2"},
				"up": {"uv": [0, 7, 1, 8], "texture": "#2"},
				"down": {"uv": [15, 7, 16, 8], "texture": "#2"}
			}
		},
		{
			"from": [6.75, 0.5, 4.75],
			"to": [9.25, 10.5, 8.75],
			"rotation": {"angle": 0, "axis": "y", "origin": [7, 0.5, 4.75]},
			"faces": {
				"north": {"uv": [2, 0, 6, 16], "texture": "#2"},
				"east": {"uv": [8, 7, 9, 8], "texture": "#2"},
				"south": {"uv": [8, 7, 9, 8], "texture": "#2"},
				"west": {"uv": [8, 7, 9, 8], "texture": "#2"},
				"up": {"uv": [0, 7, 1, 8], "texture": "#2"},
				"down": {"uv": [15, 7, 16, 8], "texture": "#2"}
			}
		},
		{
			"from": [6.45, 1.05, 10.325],
			"to": [9.05, 10, 10.825],
			"rotation": {"angle": -45, "axis": "y", "origin": [7.75, 2, 8.25]},
			"faces": {
				"north": {"uv": [8, 7, 9, 8], "texture": "#1"},
				"east": {"uv": [8, 7, 9, 8], "texture": "#1"},
				"south": {"uv": [11, 0, 15, 16], "texture": "#1"},
				"west": {"uv": [8, 7, 9, 8], "texture": "#1"},
				"up": {"uv": [8, 7, 9, 8], "texture": "#1"},
				"down": {"uv": [8, 7, 9, 8], "texture": "#1"}
			}
		},
		{
			"from": [10.325, 1.05, 6.925],
			"to": [10.825, 10, 9.55],
			"rotation": {"angle": -45, "axis": "y", "origin": [8.25, 2, 8.25]},
			"faces": {
				"north": {"uv": [8, 7, 9, 8], "texture": "#1"},
				"east": {"uv": [11, 0, 15, 16], "texture": "#1"},
				"south": {"uv": [8, 7, 9, 8], "texture": "#1"},
				"west": {"uv": [8, 7, 9, 8], "texture": "#1"},
				"up": {"uv": [8, 7, 9, 8], "texture": "#1"},
				"down": {"uv": [8, 7, 9, 8], "texture": "#1"}
			}
		},
		{
			"from": [5.175, 1.05, 6.425],
			"to": [5.675, 10, 9.05],
			"rotation": {"angle": -45, "axis": "y", "origin": [7.75, 2, 7.75]},
			"faces": {
				"north": {"uv": [8, 7, 9, 8], "texture": "#1"},
				"east": {"uv": [8, 7, 9, 8], "texture": "#1"},
				"south": {"uv": [8, 7, 9, 8], "texture": "#1"},
				"west": {"uv": [11, 0, 15, 16], "texture": "#1"},
				"up": {"uv": [8, 7, 9, 8], "texture": "#1"},
				"down": {"uv": [8, 7, 9, 8], "texture": "#1"}
			}
		},
		{
			"from": [6.95, 1.05, 5.175],
			"to": [9.55, 10, 5.675],
			"rotation": {"angle": -45, "axis": "y", "origin": [8.25, 2, 7.75]},
			"faces": {
				"north": {"uv": [11, 0, 15, 16], "texture": "#1"},
				"east": {"uv": [8, 7, 9, 8], "texture": "#1"},
				"south": {"uv": [8, 7, 9, 8], "texture": "#1"},
				"west": {"uv": [8, 7, 9, 8], "texture": "#1"},
				"up": {"uv": [8, 7, 9, 8], "texture": "#1"},
				"down": {"uv": [8, 7, 9, 8], "texture": "#1"}
			}
		},
		{
			"from": [6.85, 1.05, 10.5],
			"to": [9.15, 10, 11],
			"rotation": {"angle": 0, "axis": "y", "origin": [7, 1, 9.25]},
			"faces": {
				"north": {"uv": [8, 7, 9, 8], "texture": "#1"},
				"east": {"uv": [8, 7, 9, 8], "texture": "#1"},
				"south": {"uv": [2, 0, 6, 16], "texture": "#1"},
				"west": {"uv": [8, 7, 9, 8], "texture": "#1"},
				"up": {"uv": [8, 7, 9, 8], "texture": "#1"},
				"down": {"uv": [8, 7, 9, 8], "texture": "#1"}
			}
		},
		{
			"from": [10.5, 1.05, 6.85],
			"to": [11, 10, 9.15],
			"rotation": {"angle": 0, "axis": "y", "origin": [9.25, 1, 7]},
			"faces": {
				"north": {"uv": [8, 7, 9, 8], "texture": "#1"},
				"east": {"uv": [2, 0, 6, 16], "texture": "#1"},
				"south": {"uv": [8, 7, 9, 8], "texture": "#1"},
				"west": {"uv": [8, 7, 9, 8], "texture": "#1"},
				"up": {"uv": [8, 7, 9, 8], "texture": "#1"},
				"down": {"uv": [8, 7, 9, 8], "texture": "#1"}
			}
		},
		{
			"from": [5, 1.05, 6.85],
			"to": [5.5, 10, 9.15],
			"rotation": {"angle": 0, "axis": "y", "origin": [4.75, 1, 7]},
			"faces": {
				"north": {"uv": [8, 7, 9, 8], "texture": "#1"},
				"east": {"uv": [8, 7, 9, 8], "texture": "#1"},
				"south": {"uv": [8, 7, 9, 8], "texture": "#1"},
				"west": {"uv": [2, 0, 6, 16], "texture": "#1"},
				"up": {"uv": [8, 7, 9, 8], "texture": "#1"},
				"down": {"uv": [8, 7, 9, 8], "texture": "#1"}
			}
		},
		{
			"from": [6.85, 1.05, 5],
			"to": [9.15, 10, 5.5],
			"rotation": {"angle": 0, "axis": "y", "origin": [7, 1, 4.75]},
			"faces": {
				"north": {"uv": [2, 0, 6, 16], "texture": "#1"},
				"east": {"uv": [8, 7, 9, 8], "texture": "#1"},
				"south": {"uv": [8, 7, 9, 8], "texture": "#1"},
				"west": {"uv": [8, 7, 9, 8], "texture": "#1"},
				"up": {"uv": [8, 7, 9, 8], "texture": "#1"},
				"down": {"uv": [8, 7, 9, 8], "texture": "#1"}
			}
		}
	],
	"groups": [
		{
			"name": "Glass",
			"origin": [7, 2, 4.75],
			"color": 0,
			"children": [0, 1, 2, 3, 4, 5, 6, 7]
		},
		{
			"name": "Water",
			"origin": [7, 2, 4.75],
			"color": 0,
			"children": [8, 9, 10, 11, 12, 13, 14, 15]
		}
	]
}