{
	"credit": "Made with Blockbench",
	"textures": {
		"0": "item/iron_chestplate",
		"1": "block/glass",
		"2": "block/iron_block",
		"3": "block/gray_concrete",
		"particle": "item/iron_chestplate"
	},
	"elements": [
		{
			"from": [-1, 1, -2],
			"to": [17, 1, 19],
			"rotation": {"angle": 0, "axis": "y", "origin": [1, 1, 1]},
			"faces": {
				"north": {"uv": [0, 0, 16, 0], "texture": "#0"},
				"east": {"uv": [0, 0, 16, 0], "texture": "#0"},
				"south": {"uv": [0, 0, 16, 0], "texture": "#0"},
				"west": {"uv": [0, 0, 16, 0], "texture": "#0"},
				"up": {"uv": [0, 0, 16, 16], "texture": "#0"},
				"down": {"uv": [0, 0, 16, 16], "texture": "#0"}
			}
		},
		{
			"from": [1, 0.25, 1],
			"to": [15, 1.75, 16],
			"faces": {
				"north": {"uv": [0, 0, 16, 16], "texture": "#1"},
				"east": {"uv": [0, 0, 16, 16], "texture": "#1"},
				"south": {"uv": [0, 0, 16, 16], "texture": "#1"},
				"west": {"uv": [0, 0, 16, 16], "texture": "#1"},
				"up": {"uv": [0, 0, 16, 16], "texture": "#1"},
				"down": {"uv": [0, 0, 16, 16], "texture": "#1"}
			}
		},
		{
			"from": [-1, 0, 1],
			"to": [1, 2, 16],
			"rotation": {"angle": 0, "axis": "x", "origin": [8, 1, 8.5]},
			"faces": {
				"north": {"uv": [0, 0, 2, 2], "rotation": 180, "texture": "#2"},
				"east": {"uv": [0, 2, 2, 14], "rotation": 270, "texture": "#2"},
				"south": {"uv": [0, 0, 2, 2], "rotation": 180, "texture": "#2"},
				"west": {"uv": [2, 0, 14, 2], "rotation": 180, "texture": "#2"},
				"up": {"uv": [0, 0, 2, 15], "texture": "#2"},
				"down": {"uv": [0, 2, 1.75, 14], "texture": "#2"}
			}
		},
		{
			"from": [-1, 0, 16],
			"to": [17, 2, 18],
			"rotation": {"angle": 0, "axis": "x", "origin": [8, 1, 8.5]},
			"faces": {
				"north": {"uv": [0, 0, 16, 2], "rotation": 180, "texture": "#2"},
				"east": {"uv": [0, 0, 2, 2], "rotation": 270, "texture": "#2"},
				"south": {"uv": [0, 0, 16, 2], "rotation": 180, "texture": "#2"},
				"west": {"uv": [0, 0, 2, 2], "rotation": 180, "texture": "#2"},
				"up": {"uv": [0, 0, 16, 2], "texture": "#2"},
				"down": {"uv": [0, 0, 16, 2], "texture": "#2"}
			}
		},
		{
			"from": [15, 0, 1],
			"to": [17, 2, 16],
			"rotation": {"angle": 0, "axis": "x", "origin": [8, 1, 8.5]},
			"faces": {
				"north": {"uv": [0, 0, 2, 2], "rotation": 180, "texture": "#2"},
				"east": {"uv": [0, 2, 2, 14], "rotation": 270, "texture": "#2"},
				"south": {"uv": [0, 0, 2, 2], "rotation": 180, "texture": "#2"},
				"west": {"uv": [14, 2, 16, 14], "rotation": 90, "texture": "#2"},
				"up": {"uv": [0, 0, 2, 16], "texture": "#2"},
				"down": {"uv": [14.25, 2, 16, 14], "texture": "#2"}
			}
		},
		{
			"from": [-1, 0, -1],
			"to": [17, 2, 1],
			"rotation": {"angle": 0, "axis": "x", "origin": [8, 1, 8.5]},
			"faces": {
				"north": {"uv": [0, 14, 16, 16], "texture": "#2"},
				"east": {"uv": [0, 14, 2, 16], "rotation": 270, "texture": "#2"},
				"south": {"uv": [0, 14, 16, 16], "texture": "#2"},
				"west": {"uv": [14, 0, 16, 2], "rotation": 180, "texture": "#2"},
				"up": {"uv": [0, 0, 16, 2], "texture": "#2"},
				"down": {"uv": [0, 14, 16, 16], "texture": "#2"}
			}
		},
		{
			"from": [1, 1.5, 1],
			"to": [15, 2, 16],
			"rotation": {"angle": 0, "axis": "y", "origin": [1, 1.5, 0]},
			"faces": {
				"north": {"uv": [0, 0, 15.5, 16], "texture": "#3"},
				"east": {"uv": [0, 0, 15.5, 16], "texture": "#3"},
				"south": {"uv": [0, 0, 15.5, 16], "texture": "#3"},
				"west": {"uv": [0, 0, 15.5, 16], "texture": "#3"},
				"up": {"uv": [0, 0, 15.5, 16], "texture": "#3"},
				"down": {"uv": [0, 0, 15.5, 16], "texture": "#3"}
			}
		}
	],
	"display": {
		"fixed": {
			"rotation": [90, 180, 0],
			"translation": [-16, -16, 16],
			"scale": [2.5, 2.5, 2.5]
		}
	},
	"groups": [
		0,
		1,
		{
			"name": "Frame",
			"origin": [8, 1, 8.5],
			"color": 0,
			"children": [2, 3, 4, 5]
		},
		6
	]
}