{
	"credit": "Made with Blockbench",
	"textures": {
		"0": "item/iron_chestplate",
		"particle": "item/iron_chestplate"
	},
	"elements": [
		{
			"from": [0, 0, 0],
			"to": [16, 0, 16],
			"faces": {
				"north": {"uv": [0, 0, 16, 0], "texture": "#0"},
				"east": {"uv": [0, 0, 16, 0], "texture": "#0"},
				"south": {"uv": [0, 0, 16, 0], "texture": "#0"},
				"west": {"uv": [0, 0, 16, 0], "texture": "#0"},
				"up": {"uv": [0, 0, 16, 16], "texture": "#0"},
				"down": {"uv": [0, 0, 16, 16], "texture": "#0"}
			}
		}
	],
	"display": {
		"fixed": {
			"rotation": [90, 180, 0],
			"translation": [-16, -16, 8],
			"scale": [4, 1, 4]
		}
	}
}