{
	"credit": "Made with Blockbench",
	"textures": {
		"1": "block/iron_block",
		"2": "block/glass",
		"3": "block/water_overlay",
		"particle": "block/glass"
	},
	"elements": [
		{
			"from": [6.85, 11.5, 4.925],
			"to": [9.65, 13, 8.175],
			"rotation": {"angle": -45, "axis": "y", "origin": [8.25, 12.5, 7.75]},
			"faces": {
				"north": {"uv": [6.5, 0, 9.5, 16], "texture": "#1"},
				"east": {"uv": [6.5, 0, 9.5, 16], "texture": "#1"},
				"south": {"uv": [6.5, 0, 9.5, 16], "texture": "#1"},
				"west": {"uv": [6.5, 0, 9.5, 16], "texture": "#1"},
				"up": {"uv": [6.5, 0, 9.5, 16], "texture": "#1"},
				"down": {"uv": [6.5, 0, 9.5, 16], "texture": "#1"}
			}
		},
		{
			"from": [4.925, 11.5, 6.35],
			"to": [6.75, 13, 9.15],
			"rotation": {"angle": -45, "axis": "y", "origin": [7.75, 12.5, 7.75]},
			"faces": {
				"north": {"uv": [6.5, 0, 9.5, 16], "texture": "#1"},
				"east": {"uv": [6.5, 0, 9.5, 16], "texture": "#1"},
				"south": {"uv": [6.5, 0, 9.5, 16], "texture": "#1"},
				"west": {"uv": [6.5, 0, 9.5, 16], "texture": "#1"},
				"up": {"uv": [6.5, 0, 9.5, 16], "texture": "#1"},
				"down": {"uv": [6.5, 0, 9.5, 16], "rotation": 90, "texture": "#1"}
			}
		},
		{
			"from": [9.3, 11.5, 6.85],
			"to": [11.075, 13, 9.65],
			"rotation": {"angle": -45, "axis": "y", "origin": [8.25, 12.5, 8.25]},
			"faces": {
				"north": {"uv": [6.5, 0, 9.5, 16], "texture": "#1"},
				"east": {"uv": [6.5, 0, 9.5, 16], "texture": "#1"},
				"south": {"uv": [6.5, 0, 9.5, 16], "texture": "#1"},
				"west": {"uv": [6.5, 0, 9.5, 16], "texture": "#1"},
				"up": {"uv": [6.5, 0, 9.5, 16], "texture": "#1"},
				"down": {"uv": [6.5, 0, 9.5, 16], "rotation": 90, "texture": "#1"}
			}
		},
		{
			"from": [6.35, 11.5, 7.825],
			"to": [9.15, 13, 11.075],
			"rotation": {"angle": -45, "axis": "y", "origin": [7.75, 12.5, 8.25]},
			"faces": {
				"north": {"uv": [6.5, 0, 9.5, 16], "texture": "#1"},
				"east": {"uv": [6.5, 0, 9.5, 16], "texture": "#1"},
				"south": {"uv": [6.5, 0, 9.5, 16], "texture": "#1"},
				"west": {"uv": [6.5, 0, 9.5, 16], "texture": "#1"},
				"up": {"uv": [6.5, 0, 9.5, 16], "texture": "#1"},
				"down": {"uv": [6.5, 0, 9.5, 16], "texture": "#1"}
			}
		},
		{
			"from": [6.75, 11.5, 4.75],
			"to": [9.25, 13, 6.25],
			"rotation": {"angle": 0, "axis": "y", "origin": [7, 11.5, 4.75]},
			"faces": {
				"north": {"uv": [6.5, 0, 9.5, 16], "texture": "#1"},
				"east": {"uv": [6.5, 0, 9.5, 16], "texture": "#1"},
				"south": {"uv": [6.5, 0, 9.5, 16], "texture": "#1"},
				"west": {"uv": [6.5, 0, 9.5, 16], "texture": "#1"},
				"up": {"uv": [6.5, 0, 9.5, 16], "texture": "#1"},
				"down": {"uv": [6.5, 0, 9.5, 16], "texture": "#1"}
			}
		},
		{
			"from": [4.75, 11.5, 6.75],
			"to": [6.25, 13, 9.25],
			"rotation": {"angle": 0, "axis": "y", "origin": [4.75, 11.5, 7]},
			"faces": {
				"north": {"uv": [6.5, 0, 9.5, 16], "texture": "#1"},
				"east": {"uv": [6.5, 0, 9.5, 16], "texture": "#1"},
				"south": {"uv": [6.5, 0, 9.5, 16], "texture": "#1"},
				"west": {"uv": [6.5, 0, 9.5, 16], "texture": "#1"},
				"up": {"uv": [6.5, 0, 9.5, 16], "texture": "#1"},
				"down": {"uv": [6.5, 0, 9.5, 16], "rotation": 90, "texture": "#1"}
			}
		},
		{
			"from": [9.75, 11.5, 6.75],
			"to": [11.25, 13, 9.25],
			"rotation": {"angle": 0, "axis": "y", "origin": [9.25, 11.5, 7]},
			"faces": {
				"north": {"uv": [6.5, 0, 9.5, 16], "texture": "#1"},
				"east": {"uv": [6.5, 0, 9.5, 16], "texture": "#1"},
				"south": {"uv": [6.5, 0, 9.5, 16], "texture": "#1"},
				"west": {"uv": [6.5, 0, 9.5, 16], "texture": "#1"},
				"up": {"uv": [6.5, 0, 9.5, 16], "texture": "#1"},
				"down": {"uv": [6.5, 0, 9.5, 16], "rotation": 90, "texture": "#1"}
			}
		},
		{
			"from": [6.75, 11.5, 9.75],
			"to": [9.25, 13, 11.25],
			"rotation": {"angle": 0, "axis": "y", "origin": [7, 11.5, 9.25]},
			"faces": {
				"north": {"uv": [6.5, 0, 9.5, 16], "texture": "#1"},
				"east": {"uv": [6.5, 0, 9.5, 16], "texture": "#1"},
				"south": {"uv": [6.5, 0, 9.5, 16], "texture": "#1"},
				"west": {"uv": [6.5, 0, 9.5, 16], "texture": "#1"},
				"up": {"uv": [6.5, 0, 9.5, 16], "texture": "#1"},
				"down": {"uv": [6.5, 0, 9.5, 16], "texture": "#1"}
			}
		},
		{
			"from": [6.85, 0, 4.925],
			"to": [9.65, 1.5, 8.175],
			"rotation": {"angle": -45, "axis": "y", "origin": [8.25, 1, 7.75]},
			"faces": {
				"north": {"uv": [6.5, 0, 9.5, 16], "texture": "#1"},
				"east": {"uv": [6.5, 0, 9.5, 16], "texture": "#1"},
				"south": {"uv": [6.5, 0, 9.5, 16], "texture": "#1"},
				"west": {"uv": [6.5, 0, 9.5, 16], "texture": "#1"},
				"up": {"uv": [6.5, 0, 9.5, 16], "texture": "#1"},
				"down": {"uv": [6.5, 0, 9.5, 16], "texture": "#1"}
			}
		},
		{
			"from": [4.925, 0, 6.35],
			"to": [6.75, 1.5, 9.15],
			"rotation": {"angle": -45, "axis": "y", "origin": [7.75, 1, 7.75]},
			"faces": {
				"north": {"uv": [6.5, 0, 9.5, 16], "texture": "#1"},
				"east": {"uv": [6.5, 0, 9.5, 16], "texture": "#1"},
				"south": {"uv": [6.5, 0, 9.5, 16], "texture": "#1"},
				"west": {"uv": [6.5, 0, 9.5, 16], "texture": "#1"},
				"up": {"uv": [6.5, 0, 9.5, 16], "texture": "#1"},
				"down": {"uv": [6.5, 0, 9.5, 16], "rotation": 90, "texture": "#1"}
			}
		},
		{
			"from": [9.3, 0, 6.85],
			"to": [11.075, 1.5, 9.65],
			"rotation": {"angle": -45, "axis": "y", "origin": [8.25, 1, 8.25]},
			"faces": {
				"north": {"uv": [6.5, 0, 9.5, 16], "texture": "#1"},
				"east": {"uv": [6.5, 0, 9.5, 16], "texture": "#1"},
				"south": {"uv": [6.5, 0, 9.5, 16], "texture": "#1"},
				"west": {"uv": [6.5, 0, 9.5, 16], "texture": "#1"},
				"up": {"uv": [6.5, 0, 9.5, 16], "texture": "#1"},
				"down": {"uv": [6.5, 0, 9.5, 16], "rotation": 90, "texture": "#1"}
			}
		},
		{
			"from": [6.35, 0, 7.825],
			"to": [9.15, 1.5, 11.075],
			"rotation": {"angle": -45, "axis": "y", "origin": [7.75, 1, 8.25]},
			"faces": {
				"north": {"uv": [6.5, 0, 9.5, 16], "texture": "#1"},
				"east": {"uv": [6.5, 0, 9.5, 16], "texture": "#1"},
				"south": {"uv": [6.5, 0, 9.5, 16], "texture": "#1"},
				"west": {"uv": [6.5, 0, 9.5, 16], "texture": "#1"},
				"up": {"uv": [6.5, 0, 9.5, 16], "texture": "#1"},
				"down": {"uv": [6.5, 0, 9.5, 16], "texture": "#1"}
			}
		},
		{
			"from": [4.75, 0, 6.75],
			"to": [6.25, 1.5, 9.25],
			"rotation": {"angle": 0, "axis": "y", "origin": [4.75, 0, 7]},
			"faces": {
				"north": {"uv": [6.5, 0, 9.5, 16], "texture": "#1"},
				"east": {"uv": [6.5, 0, 9.5, 16], "texture": "#1"},
				"south": {"uv": [6.5, 0, 9.5, 16], "texture": "#1"},
				"west": {"uv": [6.5, 0, 9.5, 16], "texture": "#1"},
				"up": {"uv": [6.5, 0, 9.5, 16], "texture": "#1"},
				"down": {"uv": [6.5, 0, 9.5, 16], "rotation": 90, "texture": "#1"}
			}
		},
		{
			"from": [9.75, 0, 6.75],
			"to": [11.25, 1.5, 9.25],
			"rotation": {"angle": 0, "axis": "y", "origin": [9.25, 0, 7]},
			"faces": {
				"north": {"uv": [6.5, 0, 9.5, 16], "texture": "#1"},
				"east": {"uv": [6.5, 0, 9.5, 16], "texture": "#1"},
				"south": {"uv": [6.5, 0, 9.5, 16], "texture": "#1"},
				"west": {"uv": [6.5, 0, 9.5, 16], "texture": "#1"},
				"up": {"uv": [6.5, 0, 9.5, 16], "texture": "#1"},
				"down": {"uv": [6.5, 0, 9.5, 16], "rotation": 90, "texture": "#1"}
			}
		},
		{
			"from": [6.75, 0, 9.75],
			"to": [9.25, 1.5, 11.25],
			"rotation": {"angle": 0, "axis": "y", "origin": [7, 0, 9.25]},
			"faces": {
				"north": {"uv": [6.5, 0, 9.5, 16], "texture": "#1"},
				"east": {"uv": [6.5, 0, 9.5, 16], "texture": "#1"},
				"south": {"uv": [6.5, 0, 9.5, 16], "texture": "#1"},
				"west": {"uv": [6.5, 0, 9.5, 16], "texture": "#1"},
				"up": {"uv": [6.5, 0, 9.5, 16], "texture": "#1"},
				"down": {"uv": [6.5, 0, 9.5, 16], "texture": "#1"}
			}
		},
		{
			"from": [6.75, 0, 4.75],
			"to": [9.25, 1.5, 6.25],
			"rotation": {"angle": 0, "axis": "y", "origin": [7, 0, 4.25]},
			"faces": {
				"north": {"uv": [6.5, 0, 9.5, 16], "texture": "#1"},
				"east": {"uv": [6.5, 0, 9.5, 16], "texture": "#1"},
				"south": {"uv": [6.5, 0, 9.5, 16], "texture": "#1"},
				"west": {"uv": [6.5, 0, 9.5, 16], "texture": "#1"},
				"up": {"uv": [6.5, 0, 9.5, 16], "texture": "#1"},
				"down": {"uv": [6.5, 0, 9.5, 16], "texture": "#1"}
			}
		},
		{
			"from": [6.35, 1.5, 10.075],
			"to": [9.15, 11.5, 11.075],
			"rotation": {"angle": -45, "axis": "y", "origin": [7.75, 2.5, 8.25]},
			"faces": {
				"north": {"uv": [8, 7, 9, 8], "texture": "#2"},
				"east": {"uv": [8, 7, 9, 8], "texture": "#2"},
				"south": {"uv": [11, 0, 15, 16], "texture": "#2"},
				"west": {"uv": [8, 7, 9, 8], "texture": "#2"},
				"up": {"uv": [8, 7, 9, 8], "texture": "#2"},
				"down": {"uv": [8, 7, 9, 8], "texture": "#2"}
			}
		},
		{
			"from": [10.075, 1.5, 6.85],
			"to": [11.075, 11.5, 9.65],
			"rotation": {"angle": -45, "axis": "y", "origin": [8.25, 2.5, 8.25]},
			"faces": {
				"north": {"uv": [8, 7, 9, 8], "texture": "#2"},
				"east": {"uv": [11, 0, 15, 16], "texture": "#2"},
				"south": {"uv": [8, 7, 9, 8], "texture": "#2"},
				"west": {"uv": [8, 7, 9, 8], "texture": "#2"},
				"up": {"uv": [8, 7, 9, 8], "texture": "#2"},
				"down": {"uv": [8, 7, 9, 8], "texture": "#2"}
			}
		},
		{
			"from": [4.925, 1.5, 6.35],
			"to": [5.925, 11.5, 9.15],
			"rotation": {"angle": -45, "axis": "y", "origin": [7.75, 2.5, 7.75]},
			"faces": {
				"north": {"uv": [8, 7, 9, 8], "texture": "#2"},
				"east": {"uv": [8, 7, 9, 8], "texture": "#2"},
				"south": {"uv": [8, 7, 9, 8], "texture": "#2"},
				"west": {"uv": [11, 0, 15, 16], "texture": "#2"},
				"up": {"uv": [8, 7, 9, 8], "texture": "#2"},
				"down": {"uv": [8, 7, 9, 8], "texture": "#2"}
			}
		},
		{
			"from": [6.85, 1.5, 4.925],
			"to": [9.65, 11.5, 5.925],
			"rotation": {"angle": -45, "axis": "y", "origin": [8.25, 2.5, 7.75]},
			"faces": {
				"north": {"uv": [11, 0, 15, 16], "texture": "#2"},
				"east": {"uv": [8, 7, 9, 8], "texture": "#2"},
				"south": {"uv": [8, 7, 9, 8], "texture": "#2"},
				"west": {"uv": [8, 7, 9, 8], "texture": "#2"},
				"up": {"uv": [8, 7, 9, 8], "texture": "#2"},
				"down": {"uv": [8, 7, 9, 8], "texture": "#2"}
			}
		},
		{
			"from": [6.75, 1.5, 10.25],
			"to": [9.25, 11.5, 11.25],
			"rotation": {"angle": 0, "axis": "y", "origin": [7, 1.5, 9.25]},
			"faces": {
				"north": {"uv": [8, 7, 9, 8], "texture": "#2"},
				"east": {"uv": [8, 7, 9, 8], "texture": "#2"},
				"south": {"uv": [2, 0, 6, 16], "texture": "#2"},
				"west": {"uv": [8, 7, 9, 8], "texture": "#2"},
				"up": {"uv": [8, 7, 9, 8], "texture": "#2"},
				"down": {"uv": [8, 7, 9, 8], "texture": "#2"}
			}
		},
		{
			"from": [10.25, 1.5, 6.75],
			"to": [11.25, 11.5, 9.25],
			"rotation": {"angle": 0, "axis": "y", "origin": [9.25, 1.5, 7]},
			"faces": {
				"north": {"uv": [8, 7, 9, 8], "texture": "#2"},
				"east": {"uv": [2, 0, 6, 16], "texture": "#2"},
				"south": {"uv": [8, 7, 9, 8], "texture": "#2"},
				"west": {"uv": [8, 7, 9, 8], "texture": "#2"},
				"up": {"uv": [8, 7, 9, 8], "texture": "#2"},
				"down": {"uv": [8, 7, 9, 8], "texture": "#2"}
			}
		},
		{
			"from": [4.75, 1.5, 6.75],
			"to": [5.75, 11.5, 9.25],
			"rotation": {"angle": 0, "axis": "y", "origin": [4.75, 1.5, 7]},
			"faces": {
				"north": {"uv": [8, 7, 9, 8], "texture": "#2"},
				"east": {"uv": [8, 7, 9, 8], "texture": "#2"},
				"south": {"uv": [8, 7, 9, 8], "texture": "#2"},
				"west": {"uv": [2, 0, 6, 16], "texture": "#2"},
				"up": {"uv": [8, 7, 9, 8], "texture": "#2"},
				"down": {"uv": [8, 7, 9, 8], "texture": "#2"}
			}
		},
		{
			"from": [6.75, 1.5, 4.75],
			"to": [9.25, 11.5, 5.75],
			"rotation": {"angle": 0, "axis": "y", "origin": [7, 1.5, 4.75]},
			"faces": {
				"north": {"uv": [2, 0, 6, 16], "texture": "#2"},
				"east": {"uv": [8, 7, 9, 8], "texture": "#2"},
				"south": {"uv": [8, 7, 9, 8], "texture": "#2"},
				"west": {"uv": [8, 7, 9, 8], "texture": "#2"},
				"up": {"uv": [8, 7, 9, 8], "texture": "#2"},
				"down": {"uv": [8, 7, 9, 8], "texture": "#2"}
			}
		},
		{
			"from": [6.45, 1.5, 10.325],
			"to": [9.05, 11.5, 10.825],
			"rotation": {"angle": -45, "axis": "y", "origin": [7.75, 2.5, 8.25]},
			"faces": {
				"north": {"uv": [8, 7, 9, 8], "texture": "#3"},
				"east": {"uv": [8, 7, 9, 8], "texture": "#3"},
				"south": {"uv": [11, 0, 15, 16], "texture": "#3"},
				"west": {"uv": [8, 7, 9, 8], "texture": "#3"},
				"up": {"uv": [8, 7, 9, 8], "texture": "#3"},
				"down": {"uv": [8, 7, 9, 8], "texture": "#3"}
			}
		},
		{
			"from": [10.325, 1.5, 6.925],
			"to": [10.825, 11.5, 9.55],
			"rotation": {"angle": -45, "axis": "y", "origin": [8.25, 2.5, 8.25]},
			"faces": {
				"north": {"uv": [8, 7, 9, 8], "texture": "#3"},
				"east": {"uv": [11, 0, 15, 16], "texture": "#3"},
				"south": {"uv": [8, 7, 9, 8], "texture": "#3"},
				"west": {"uv": [8, 7, 9, 8], "texture": "#3"},
				"up": {"uv": [8, 7, 9, 8], "texture": "#3"},
				"down": {"uv": [8, 7, 9, 8], "texture": "#3"}
			}
		},
		{
			"from": [5.175, 1.5, 6.425],
			"to": [5.675, 11.5, 9.05],
			"rotation": {"angle": -45, "axis": "y", "origin": [7.75, 2.5, 7.75]},
			"faces": {
				"north": {"uv": [8, 7, 9, 8], "texture": "#3"},
				"east": {"uv": [8, 7, 9, 8], "texture": "#3"},
				"south": {"uv": [8, 7, 9, 8], "texture": "#3"},
				"west": {"uv": [11, 0, 15, 16], "texture": "#3"},
				"up": {"uv": [8, 7, 9, 8], "texture": "#3"},
				"down": {"uv": [8, 7, 9, 8], "texture": "#3"}
			}
		},
		{
			"from": [6.95, 1.5, 5.175],
			"to": [9.55, 11.5, 5.675],
			"rotation": {"angle": -45, "axis": "y", "origin": [8.25, 2.5, 7.75]},
			"faces": {
				"north": {"uv": [11, 0, 15, 16], "texture": "#3"},
				"east": {"uv": [8, 7, 9, 8], "texture": "#3"},
				"south": {"uv": [8, 7, 9, 8], "texture": "#3"},
				"west": {"uv": [8, 7, 9, 8], "texture": "#3"},
				"up": {"uv": [8, 7, 9, 8], "texture": "#3"},
				"down": {"uv": [8, 7, 9, 8], "texture": "#3"}
			}
		},
		{
			"from": [6.85, 1.5, 10.5],
			"to": [9.15, 11.5, 11],
			"rotation": {"angle": 0, "axis": "y", "origin": [7, 1.5, 9.25]},
			"faces": {
				"north": {"uv": [8, 7, 9, 8], "texture": "#3"},
				"east": {"uv": [8, 7, 9, 8], "texture": "#3"},
				"south": {"uv": [2, 0, 6, 16], "texture": "#3"},
				"west": {"uv": [8, 7, 9, 8], "texture": "#3"},
				"up": {"uv": [8, 7, 9, 8], "texture": "#3"},
				"down": {"uv": [8, 7, 9, 8], "texture": "#3"}
			}
		},
		{
			"from": [10.5, 1.5, 6.85],
			"to": [11, 11.5, 9.15],
			"rotation": {"angle": 0, "axis": "y", "origin": [9.25, 1.5, 7]},
			"faces": {
				"north": {"uv": [8, 7, 9, 8], "texture": "#3"},
				"east": {"uv": [2, 0, 6, 16], "texture": "#3"},
				"south": {"uv": [8, 7, 9, 8], "texture": "#3"},
				"west": {"uv": [8, 7, 9, 8], "texture": "#3"},
				"up": {"uv": [8, 7, 9, 8], "texture": "#3"},
				"down": {"uv": [8, 7, 9, 8], "texture": "#3"}
			}
		},
		{
			"from": [5, 1.5, 6.85],
			"to": [5.5, 11.5, 9.15],
			"rotation": {"angle": 0, "axis": "y", "origin": [4.75, 1.5, 7]},
			"faces": {
				"north": {"uv": [8, 7, 9, 8], "texture": "#3"},
				"east": {"uv": [8, 7, 9, 8], "texture": "#3"},
				"south": {"uv": [8, 7, 9, 8], "texture": "#3"},
				"west": {"uv": [2, 0, 6, 16], "texture": "#3"},
				"up": {"uv": [8, 7, 9, 8], "texture": "#3"},
				"down": {"uv": [8, 7, 9, 8], "texture": "#3"}
			}
		},
		{
			"from": [6.85, 1.5, 5],
			"to": [9.15, 11.5, 5.5],
			"rotation": {"angle": 0, "axis": "y", "origin": [7, 1.5, 4.75]},
			"faces": {
				"north": {"uv": [2, 0, 6, 16], "texture": "#3"},
				"east": {"uv": [8, 7, 9, 8], "texture": "#3"},
				"south": {"uv": [8, 7, 9, 8], "texture": "#3"},
				"west": {"uv": [8, 7, 9, 8], "texture": "#3"},
				"up": {"uv": [8, 7, 9, 8], "texture": "#3"},
				"down": {"uv": [8, 7, 9, 8], "texture": "#3"}
			}
		}
	],
	"display": {
		"thirdperson_righthand": {
			"rotation": [6.76, 18.03, 15.61],
			"translation": [0, 3.25, -1.5],
			"scale": [0.75, 0.75, 0.75]
		}
	},
	"groups": [
		{
			"name": "Iron",
			"origin": [7, 0, 9],
			"color": 0,
			"children": [0, 1, 2, 3, 4, 5, 6, 7, 8, 9, 10, 11, 12, 13, 14, 15]
		},
		{
			"name": "Glass",
			"origin": [7, 2, 4.75],
			"color": 0,
			"children": [16, 17, 18, 19, 20, 21, 22, 23]
		},
		{
			"name": "Water",
			"origin": [7, 2, 4.75],
			"color": 0,
			"children": [24, 25, 26, 27, 28, 29, 30, 31]
		}
	]
}