{
	"credit": "Made with Blockbench",
	"textures": {
		"0": "block/glass",
		"1": "block/water_overlay_blue",
		"particle": "block/glass"
	},
	"elements": [
		{
			"from": [6.35, 0, 7.075],
			"to": [9.15, 11.5, 11.075],
			"rotation": {"angle": -45, "axis": "y", "origin": [7.75, 2.5, 8.25]},
			"faces": {
				"north": {"uv": [8, 7, 9, 8], "texture": "#0"},
				"east": {"uv": [8, 7, 9, 8], "texture": "#0"},
				"south": {"uv": [11, 0, 15, 16], "texture": "#0"},
				"west": {"uv": [8, 7, 9, 8], "texture": "#0"},
				"up": {"uv": [8, 7, 9, 8], "texture": "#0"},
				"down": {"uv": [0, 7, 1, 8], "texture": "#0"}
			}
		},
		{
			"from": [7.075, 0, 6.85],
			"to": [11.075, 11.5, 9.65],
			"rotation": {"angle": -45, "axis": "y", "origin": [8.25, 2.5, 8.25]},
			"faces": {
				"north": {"uv": [8, 7, 9, 8], "texture": "#0"},
				"east": {"uv": [11, 0, 15, 16], "texture": "#0"},
				"south": {"uv": [8, 7, 9, 8], "texture": "#0"},
				"west": {"uv": [8, 7, 9, 8], "texture": "#0"},
				"up": {"uv": [8, 7, 9, 8], "texture": "#0"},
				"down": {"uv": [0, 7, 1, 8], "texture": "#0"}
			}
		},
		{
			"from": [4.925, 0, 6.35],
			"to": [8.925, 11.5, 9.15],
			"rotation": {"angle": -45, "axis": "y", "origin": [7.75, 2.5, 7.75]},
			"faces": {
				"north": {"uv": [8, 7, 9, 8], "texture": "#0"},
				"east": {"uv": [8, 7, 9, 8], "texture": "#0"},
				"south": {"uv": [8, 7, 9, 8], "texture": "#0"},
				"west": {"uv": [11, 0, 15, 16], "texture": "#0"},
				"up": {"uv": [8, 7, 9, 8], "texture": "#0"},
				"down": {"uv": [0, 7, 1, 8], "texture": "#0"}
			}
		},
		{
			"from": [6.85, 0, 4.925],
			"to": [9.65, 11.5, 8.925],
			"rotation": {"angle": -45, "axis": "y", "origin": [8.25, 2.5, 7.75]},
			"faces": {
				"north": {"uv": [11, 0, 15, 16], "texture": "#0"},
				"east": {"uv": [8, 7, 9, 8], "texture": "#0"},
				"south": {"uv": [8, 7, 9, 8], "texture": "#0"},
				"west": {"uv": [8, 7, 9, 8], "texture": "#0"},
				"up": {"uv": [8, 7, 9, 8], "texture": "#0"},
				"down": {"uv": [0, 7, 1, 8], "texture": "#0"}
			}
		},
		{
			"from": [6.75, 0, 9.25],
			"to": [9.25, 11.5, 11.25],
			"rotation": {"angle": 0, "axis": "y", "origin": [7, 1.5, 9.25]},
			"faces": {
				"north": {"uv": [8, 7, 9, 8], "texture": "#0"},
				"east": {"uv": [8, 7, 9, 8], "texture": "#0"},
				"south": {"uv": [2, 0, 6, 16], "texture": "#0"},
				"west": {"uv": [8, 7, 9, 8], "texture": "#0"},
				"up": {"uv": [8, 7, 9, 8], "texture": "#0"},
				"down": {"uv": [0, 7, 1, 8], "texture": "#0"}
			}
		},
		{
			"from": [9.25, 0, 6.75],
			"to": [11.25, 11.5, 9.25],
			"rotation": {"angle": 0, "axis": "y", "origin": [9.25, 1.5, 7]},
			"faces": {
				"north": {"uv": [8, 7, 9, 8], "texture": "#0"},
				"east": {"uv": [2, 0, 6, 16], "texture": "#0"},
				"south": {"uv": [8, 7, 9, 8], "texture": "#0"},
				"west": {"uv": [8, 7, 9, 8], "texture": "#0"},
				"up": {"uv": [8, 7, 9, 8], "texture": "#0"},
				"down": {"uv": [0, 7, 1, 8], "texture": "#0"}
			}
		},
		{
			"from": [4.75, 0, 6.75],
			"to": [6.75, 11.5, 9.25],
			"rotation": {"angle": 0, "axis": "y", "origin": [4.75, 1.5, 7]},
			"faces": {
				"north": {"uv": [8, 7, 9, 8], "texture": "#0"},
				"east": {"uv": [8, 7, 9, 8], "texture": "#0"},
				"south": {"uv": [8, 7, 9, 8], "texture": "#0"},
				"west": {"uv": [2, 0, 6, 16], "texture": "#0"},
				"up": {"uv": [8, 7, 9, 8], "texture": "#0"},
				"down": {"uv": [0, 7, 1, 8], "texture": "#0"}
			}
		},
		{
			"from": [6.75, 0, 4.75],
			"to": [9.25, 11.5, 6.75],
			"rotation": {"angle": 0, "axis": "y", "origin": [7, 1.5, 4.75]},
			"faces": {
				"north": {"uv": [2, 0, 6, 16], "texture": "#0"},
				"east": {"uv": [8, 7, 9, 8], "texture": "#0"},
				"south": {"uv": [8, 7, 9, 8], "texture": "#0"},
				"west": {"uv": [8, 7, 9, 8], "texture": "#0"},
				"up": {"uv": [8, 7, 9, 8], "texture": "#0"},
				"down": {"uv": [0, 7, 1, 8], "texture": "#0"}
			}
		},
		{
			"from": [6.45, 0.05, 10.325],
			"to": [9.05, 10, 10.825],
			"rotation": {"angle": -45, "axis": "y", "origin": [7.75, 1, 8.25]},
			"faces": {
				"north": {"uv": [8, 7, 9, 8], "texture": "#1"},
				"east": {"uv": [8, 7, 9, 8], "texture": "#1"},
				"south": {"uv": [11, 0, 15, 16], "texture": "#1"},
				"west": {"uv": [8, 7, 9, 8], "texture": "#1"},
				"up": {"uv": [8, 7, 9, 8], "texture": "#1"},
				"down": {"uv": [8, 7, 9, 8], "texture": "#1"}
			}
		},
		{
			"from": [10.325, 0.05, 6.925],
			"to": [10.825, 10, 9.55],
			"rotation": {"angle": -45, "axis": "y", "origin": [8.25, 1, 8.25]},
			"faces": {
				"north": {"uv": [8, 7, 9, 8], "texture": "#1"},
				"east": {"uv": [11, 0, 15, 16], "texture": "#1"},
				"south": {"uv": [8, 7, 9, 8], "texture": "#1"},
				"west": {"uv": [8, 7, 9, 8], "texture": "#1"},
				"up": {"uv": [8, 7, 9, 8], "texture": "#1"},
				"down": {"uv": [8, 7, 9, 8], "texture": "#1"}
			}
		},
		{
			"from": [5.175, 0.05, 6.425],
			"to": [5.675, 10, 9.05],
			"rotation": {"angle": -45, "axis": "y", "origin": [7.75, 1, 7.75]},
			"faces": {
				"north": {"uv": [8, 7, 9, 8], "texture": "#1"},
				"east": {"uv": [8, 7, 9, 8], "texture": "#1"},
				"south": {"uv": [8, 7, 9, 8], "texture": "#1"},
				"west": {"uv": [11, 0, 15, 16], "texture": "#1"},
				"up": {"uv": [8, 7, 9, 8], "texture": "#1"},
				"down": {"uv": [8, 7, 9, 8], "texture": "#1"}
			}
		},
		{
			"from": [6.95, 0.05, 5.175],
			"to": [9.55, 10, 5.675],
			"rotation": {"angle": -45, "axis": "y", "origin": [8.25, 1, 7.75]},
			"faces": {
				"north": {"uv": [11, 0, 15, 16], "texture": "#1"},
				"east": {"uv": [8, 7, 9, 8], "texture": "#1"},
				"south": {"uv": [8, 7, 9, 8], "texture": "#1"},
				"west": {"uv": [8, 7, 9, 8], "texture": "#1"},
				"up": {"uv": [8, 7, 9, 8], "texture": "#1"},
				"down": {"uv": [8, 7, 9, 8], "texture": "#1"}
			}
		},
		{
			"from": [6.85, 0.05, 10.5],
			"to": [9.15, 10, 11],
			"rotation": {"angle": 0, "axis": "y", "origin": [7, 0, 9.25]},
			"faces": {
				"north": {"uv": [8, 7, 9, 8], "texture": "#1"},
				"east": {"uv": [8, 7, 9, 8], "texture": "#1"},
				"south": {"uv": [2, 0, 6, 16], "texture": "#1"},
				"west": {"uv": [8, 7, 9, 8], "texture": "#1"},
				"up": {"uv": [8, 7, 9, 8], "texture": "#1"},
				"down": {"uv": [8, 7, 9, 8], "texture": "#1"}
			}
		},
		{
			"from": [10.5, 0.05, 6.85],
			"to": [11, 10, 9.15],
			"rotation": {"angle": 0, "axis": "y", "origin": [9.25, 0, 7]},
			"faces": {
				"north": {"uv": [8, 7, 9, 8], "texture": "#1"},
				"east": {"uv": [2, 0, 6, 16], "texture": "#1"},
				"south": {"uv": [8, 7, 9, 8], "texture": "#1"},
				"west": {"uv": [8, 7, 9, 8], "texture": "#1"},
				"up": {"uv": [8, 7, 9, 8], "texture": "#1"},
				"down": {"uv": [8, 7, 9, 8], "texture": "#1"}
			}
		},
		{
			"from": [5, 0.05, 6.85],
			"to": [5.5, 10, 9.15],
			"rotation": {"angle": 0, "axis": "y", "origin": [4.75, 0, 7]},
			"faces": {
				"north": {"uv": [8, 7, 9, 8], "texture": "#1"},
				"east": {"uv": [8, 7, 9, 8], "texture": "#1"},
				"south": {"uv": [8, 7, 9, 8], "texture": "#1"},
				"west": {"uv": [2, 0, 6, 16], "texture": "#1"},
				"up": {"uv": [8, 7, 9, 8], "texture": "#1"},
				"down": {"uv": [8, 7, 9, 8], "texture": "#1"}
			}
		},
		{
			"from": [6.85, 0.05, 5],
			"to": [9.15, 10, 5.5],
			"rotation": {"angle": 0, "axis": "y", "origin": [7, 0, 4.75]},
			"faces": {
				"north": {"uv": [2, 0, 6, 16], "texture": "#1"},
				"east": {"uv": [8, 7, 9, 8], "texture": "#1"},
				"south": {"uv": [8, 7, 9, 8], "texture": "#1"},
				"west": {"uv": [8, 7, 9, 8], "texture": "#1"},
				"up": {"uv": [8, 7, 9, 8], "texture": "#1"},
				"down": {"uv": [8, 7, 9, 8], "texture": "#1"}
			}
		},
		{
			"from": [6.45, 9.975, 9.075],
			"to": [9.05, 10.175, 10.825],
			"rotation": {"angle": -45, "axis": "y", "origin": [7.75, 1.925, 8.25]},
			"faces": {
				"north": {"uv": [8, 7, 9, 8], "texture": "#1"},
				"east": {"uv": [8, 7, 9, 8], "texture": "#1"},
				"south": {"uv": [11, 0, 15, 16], "texture": "#1"},
				"west": {"uv": [8, 7, 9, 8], "texture": "#1"},
				"up": {"uv": [8, 7, 9, 8], "texture": "#1"},
				"down": {"uv": [8, 7, 9, 8], "texture": "#1"}
			}
		},
		{
			"from": [8.325, 9.975, 6.925],
			"to": [10.825, 10.175, 9.55],
			"rotation": {"angle": -45, "axis": "y", "origin": [8.25, 1.925, 8.25]},
			"faces": {
				"north": {"uv": [8, 7, 9, 8], "texture": "#1"},
				"east": {"uv": [11, 0, 15, 16], "texture": "#1"},
				"south": {"uv": [8, 7, 9, 8], "texture": "#1"},
				"west": {"uv": [8, 7, 9, 8], "texture": "#1"},
				"up": {"uv": [8, 7, 9, 8], "texture": "#1"},
				"down": {"uv": [8, 7, 9, 8], "texture": "#1"}
			}
		},
		{
			"from": [5.175, 9.975, 6.425],
			"to": [8.675, 10.175, 9.05],
			"rotation": {"angle": -45, "axis": "y", "origin": [7.75, 1.925, 7.75]},
			"faces": {
				"north": {"uv": [8, 7, 9, 8], "texture": "#1"},
				"east": {"uv": [8, 7, 9, 8], "texture": "#1"},
				"south": {"uv": [8, 7, 9, 8], "texture": "#1"},
				"west": {"uv": [11, 0, 15, 16], "texture": "#1"},
				"up": {"uv": [8, 7, 9, 8], "texture": "#1"},
				"down": {"uv": [8, 7, 9, 8], "texture": "#1"}
			}
		},
		{
			"from": [6.95, 9.975, 5.175],
			"to": [9.55, 10.175, 6.925],
			"rotation": {"angle": -45, "axis": "y", "origin": [8.25, 1.925, 7.75]},
			"faces": {
				"north": {"uv": [11, 0, 15, 16], "texture": "#1"},
				"east": {"uv": [8, 7, 9, 8], "texture": "#1"},
				"south": {"uv": [8, 7, 9, 8], "texture": "#1"},
				"west": {"uv": [8, 7, 9, 8], "texture": "#1"},
				"up": {"uv": [8, 7, 9, 8], "texture": "#1"},
				"down": {"uv": [8, 7, 9, 8], "texture": "#1"}
			}
		},
		{
			"from": [6.85, 9.975, 9.75],
			"to": [9.15, 10.175, 11],
			"rotation": {"angle": 0, "axis": "y", "origin": [7, 0.925, 9.25]},
			"faces": {
				"north": {"uv": [8, 7, 9, 8], "texture": "#1"},
				"east": {"uv": [8, 7, 9, 8], "texture": "#1"},
				"south": {"uv": [2, 0, 6, 16], "texture": "#1"},
				"west": {"uv": [8, 7, 9, 8], "texture": "#1"},
				"up": {"uv": [8, 7, 9, 8], "texture": "#1"},
				"down": {"uv": [8, 7, 9, 8], "texture": "#1"}
			}
		},
		{
			"from": [9.75, 9.975, 6.85],
			"to": [11, 10.175, 9.15],
			"rotation": {"angle": 0, "axis": "y", "origin": [9.25, 0.925, 7]},
			"faces": {
				"north": {"uv": [8, 7, 9, 8], "texture": "#1"},
				"east": {"uv": [2, 0, 6, 16], "texture": "#1"},
				"south": {"uv": [8, 7, 9, 8], "texture": "#1"},
				"west": {"uv": [8, 7, 9, 8], "texture": "#1"},
				"up": {"uv": [8, 7, 9, 8], "texture": "#1"},
				"down": {"uv": [8, 7, 9, 8], "texture": "#1"}
			}
		},
		{
			"from": [5, 9.975, 6.85],
			"to": [6.25, 10.175, 9.15],
			"rotation": {"angle": 0, "axis": "y", "origin": [4.75, 0.925, 7]},
			"faces": {
				"north": {"uv": [8, 7, 9, 8], "texture": "#1"},
				"east": {"uv": [8, 7, 9, 8], "texture": "#1"},
				"south": {"uv": [8, 7, 9, 8], "texture": "#1"},
				"west": {"uv": [2, 0, 6, 16], "texture": "#1"},
				"up": {"uv": [8, 7, 9, 8], "texture": "#1"},
				"down": {"uv": [8, 7, 9, 8], "texture": "#1"}
			}
		},
		{
			"from": [6.85, 9.975, 5],
			"to": [9.15, 10.175, 6.5],
			"rotation": {"angle": 0, "axis": "y", "origin": [7, 0.925, 4.75]},
			"faces": {
				"north": {"uv": [2, 0, 6, 16], "texture": "#1"},
				"east": {"uv": [8, 7, 9, 8], "texture": "#1"},
				"south": {"uv": [8, 7, 9, 8], "texture": "#1"},
				"west": {"uv": [8, 7, 9, 8], "texture": "#1"},
				"up": {"uv": [8, 7, 9, 8], "texture": "#1"},
				"down": {"uv": [8, 7, 9, 8], "texture": "#1"}
			}
		},
		{
			"from": [6.85, -0.25, 4.925],
			"to": [9.65, 0, 8.175],
			"rotation": {"angle": -45, "axis": "y", "origin": [8.25, -0.5, 7.75]},
			"faces": {
				"north": {"uv": [4, 15, 5, 16], "texture": "#0"},
				"east": {"uv": [4, 15, 5, 16], "texture": "#0"},
				"south": {"uv": [4, 15, 5, 16], "texture": "#0"},
				"west": {"uv": [4, 15, 5, 16], "texture": "#0"},
				"up": {"uv": [4, 15, 5, 16], "texture": "#0"},
				"down": {"uv": [4, 15, 5, 16], "texture": "#0"}
			}
		},
		{
			"from": [4.925, -0.25, 6.35],
			"to": [6.75, 0, 9.15],
			"rotation": {"angle": -45, "axis": "y", "origin": [7.75, -0.5, 7.75]},
			"faces": {
				"north": {"uv": [4, 15, 5, 16], "texture": "#0"},
				"east": {"uv": [4, 15, 5, 16], "texture": "#0"},
				"south": {"uv": [4, 15, 5, 16], "texture": "#0"},
				"west": {"uv": [4, 15, 5, 16], "texture": "#0"},
				"up": {"uv": [4, 15, 5, 16], "texture": "#0"},
				"down": {"uv": [4, 15, 5, 16], "texture": "#0"}
			}
		},
		{
			"from": [9.3, -0.25, 6.85],
			"to": [11.075, 0, 9.65],
			"rotation": {"angle": -45, "axis": "y", "origin": [8.25, -0.5, 8.25]},
			"faces": {
				"north": {"uv": [4, 15, 5, 16], "texture": "#0"},
				"east": {"uv": [4, 15, 5, 16], "texture": "#0"},
				"south": {"uv": [4, 15, 5, 16], "texture": "#0"},
				"west": {"uv": [4, 15, 5, 16], "texture": "#0"},
				"up": {"uv": [4, 15, 5, 16], "texture": "#0"},
				"down": {"uv": [4, 15, 5, 16], "texture": "#0"}
			}
		},
		{
			"from": [6.35, -0.25, 7.825],
			"to": [9.15, 0, 11.075],
			"rotation": {"angle": -45, "axis": "y", "origin": [7.75, -0.5, 8.25]},
			"faces": {
				"north": {"uv": [4, 15, 5, 16], "texture": "#0"},
				"east": {"uv": [4, 15, 5, 16], "texture": "#0"},
				"south": {"uv": [4, 15, 5, 16], "texture": "#0"},
				"west": {"uv": [4, 15, 5, 16], "texture": "#0"},
				"up": {"uv": [4, 15, 5, 16], "texture": "#0"},
				"down": {"uv": [4, 15, 5, 16], "texture": "#0"}
			}
		},
		{
			"from": [6.75, -0.25, 4.75],
			"to": [9.25, 0, 6.25],
			"rotation": {"angle": 0, "axis": "y", "origin": [7, -1.5, 4.75]},
			"faces": {
				"north": {"uv": [4, 15, 5, 16], "texture": "#0"},
				"east": {"uv": [4, 15, 5, 16], "texture": "#0"},
				"south": {"uv": [4, 15, 5, 16], "texture": "#0"},
				"west": {"uv": [4, 15, 5, 16], "texture": "#0"},
				"up": {"uv": [4, 15, 5, 16], "texture": "#0"},
				"down": {"uv": [4, 15, 5, 16], "texture": "#0"}
			}
		},
		{
			"from": [4.75, -0.25, 6.75],
			"to": [6.25, 0, 9.25],
			"rotation": {"angle": 0, "axis": "y", "origin": [4.75, -1.5, 7]},
			"faces": {
				"north": {"uv": [4, 15, 5, 16], "texture": "#0"},
				"east": {"uv": [4, 15, 5, 16], "texture": "#0"},
				"south": {"uv": [4, 15, 5, 16], "texture": "#0"},
				"west": {"uv": [4, 15, 5, 16], "texture": "#0"},
				"up": {"uv": [4, 15, 5, 16], "texture": "#0"},
				"down": {"uv": [4, 15, 5, 16], "texture": "#0"}
			}
		},
		{
			"from": [9.75, -0.25, 6.75],
			"to": [11.25, 0, 9.25],
			"rotation": {"angle": 0, "axis": "y", "origin": [9.25, -1.5, 7]},
			"faces": {
				"north": {"uv": [4, 15, 5, 16], "texture": "#0"},
				"east": {"uv": [4, 15, 5, 16], "texture": "#0"},
				"south": {"uv": [4, 15, 5, 16], "texture": "#0"},
				"west": {"uv": [4, 15, 5, 16], "texture": "#0"},
				"up": {"uv": [4, 15, 5, 16], "texture": "#0"},
				"down": {"uv": [4, 15, 5, 16], "texture": "#0"}
			}
		},
		{
			"from": [6.75, -0.25, 9.75],
			"to": [9.25, 0, 11.25],
			"rotation": {"angle": 0, "axis": "y", "origin": [7, -1.5, 9.25]},
			"faces": {
				"north": {"uv": [4, 15, 5, 16], "texture": "#0"},
				"east": {"uv": [4, 15, 5, 16], "texture": "#0"},
				"south": {"uv": [4, 15, 5, 16], "texture": "#0"},
				"west": {"uv": [4, 15, 5, 16], "texture": "#0"},
				"up": {"uv": [4, 15, 5, 16], "texture": "#0"},
				"down": {"uv": [4, 15, 5, 16], "texture": "#0"}
			}
		},
		{
			"from": [6.85, 11.5, 4.925],
			"to": [9.65, 11.75, 8.175],
			"rotation": {"angle": -45, "axis": "y", "origin": [8.25, 11.25, 7.75]},
			"faces": {
				"north": {"uv": [0, 0, 1, 1], "texture": "#0"},
				"east": {"uv": [0, 0, 1, 1], "texture": "#0"},
				"south": {"uv": [0, 0, 1, 1], "texture": "#0"},
				"west": {"uv": [0, 0, 1, 1], "texture": "#0"},
				"up": {"uv": [0, 0, 1, 1], "texture": "#0"},
				"down": {"uv": [0, 0, 1, 1], "texture": "#0"}
			}
		},
		{
			"from": [4.925, 11.5, 6.35],
			"to": [6.75, 11.75, 9.15],
			"rotation": {"angle": -45, "axis": "y", "origin": [7.75, 11.25, 7.75]},
			"faces": {
				"north": {"uv": [0, 0, 1, 1], "texture": "#0"},
				"east": {"uv": [0, 0, 1, 1], "texture": "#0"},
				"south": {"uv": [0, 0, 1, 1], "texture": "#0"},
				"west": {"uv": [0, 0, 1, 1], "texture": "#0"},
				"up": {"uv": [0, 0, 1, 1], "texture": "#0"},
				"down": {"uv": [0, 0, 1, 1], "texture": "#0"}
			}
		},
		{
			"from": [9.3, 11.5, 6.85],
			"to": [11.075, 11.75, 9.65],
			"rotation": {"angle": -45, "axis": "y", "origin": [8.25, 11.25, 8.25]},
			"faces": {
				"north": {"uv": [0, 0, 1, 1], "texture": "#0"},
				"east": {"uv": [0, 0, 1, 1], "texture": "#0"},
				"south": {"uv": [0, 0, 1, 1], "texture": "#0"},
				"west": {"uv": [0, 0, 1, 1], "texture": "#0"},
				"up": {"uv": [0, 0, 1, 1], "texture": "#0"},
				"down": {"uv": [0, 0, 1, 1], "texture": "#0"}
			}
		},
		{
			"from": [6.35, 11.5, 7.825],
			"to": [9.15, 11.75, 11.075],
			"rotation": {"angle": -45, "axis": "y", "origin": [7.75, 11.25, 8.25]},
			"faces": {
				"north": {"uv": [0, 0, 1, 1], "texture": "#0"},
				"east": {"uv": [0, 0, 1, 1], "texture": "#0"},
				"south": {"uv": [0, 0, 1, 1], "texture": "#0"},
				"west": {"uv": [0, 0, 1, 1], "texture": "#0"},
				"up": {"uv": [0, 0, 1, 1], "texture": "#0"},
				"down": {"uv": [0, 0, 1, 1], "texture": "#0"}
			}
		},
		{
			"from": [6.75, 11.5, 4.75],
			"to": [9.25, 11.75, 6.25],
			"rotation": {"angle": 0, "axis": "y", "origin": [7, 10.25, 4.75]},
			"faces": {
				"north": {"uv": [0, 0, 1, 1], "texture": "#0"},
				"east": {"uv": [0, 0, 1, 1], "texture": "#0"},
				"south": {"uv": [0, 0, 1, 1], "texture": "#0"},
				"west": {"uv": [0, 0, 1, 1], "texture": "#0"},
				"up": {"uv": [0, 0, 1, 1], "texture": "#0"},
				"down": {"uv": [0, 0, 1, 1], "texture": "#0"}
			}
		},
		{
			"from": [4.75, 11.5, 6.75],
			"to": [6.25, 11.75, 9.25],
			"rotation": {"angle": 0, "axis": "y", "origin": [4.75, 10.25, 7]},
			"faces": {
				"north": {"uv": [0, 0, 1, 1], "texture": "#0"},
				"east": {"uv": [0, 0, 1, 1], "texture": "#0"},
				"south": {"uv": [0, 0, 1, 1], "texture": "#0"},
				"west": {"uv": [0, 0, 1, 1], "texture": "#0"},
				"up": {"uv": [0, 0, 1, 1], "texture": "#0"},
				"down": {"uv": [0, 0, 1, 1], "texture": "#0"}
			}
		},
		{
			"from": [9.75, 11.5, 6.75],
			"to": [11.25, 11.75, 9.25],
			"rotation": {"angle": 0, "axis": "y", "origin": [9.25, 10.25, 7]},
			"faces": {
				"north": {"uv": [0, 0, 1, 1], "texture": "#0"},
				"east": {"uv": [0, 0, 1, 1], "texture": "#0"},
				"south": {"uv": [0, 0, 1, 1], "texture": "#0"},
				"west": {"uv": [0, 0, 1, 1], "texture": "#0"},
				"up": {"uv": [0, 0, 1, 1], "texture": "#0"},
				"down": {"uv": [0, 0, 1, 1], "texture": "#0"}
			}
		},
		{
			"from": [6.75, 11.5, 9.75],
			"to": [9.25, 11.75, 11.25],
			"rotation": {"angle": 0, "axis": "y", "origin": [7, 10.25, 9.25]},
			"faces": {
				"north": {"uv": [0, 0, 1, 1], "texture": "#0"},
				"east": {"uv": [0, 0, 1, 1], "texture": "#0"},
				"south": {"uv": [0, 0, 1, 1], "texture": "#0"},
				"west": {"uv": [0, 0, 1, 1], "texture": "#0"},
				"up": {"uv": [0, 0, 1, 1], "texture": "#0"},
				"down": {"uv": [0, 0, 1, 1], "texture": "#0"}
			}
		}
	],
	"groups": [
		{
			"name": "Glass",
			"origin": [7, 2, 4.75],
			"color": 0,
			"children": [0, 1, 2, 3, 4, 5, 6, 7]
		},
		{
			"name": "Water",
			"origin": [7, 2, 4.75],
			"color": 0,
			"children": [8, 9, 10, 11, 12, 13, 14, 15]
		},
		{
			"name": "Water",
			"origin": [7, 2, 4.75],
			"color": 0,
			"children": [16, 17, 18, 19, 20, 21, 22, 23]
		},
		{
			"name": "group",
			"origin": [8, 8, 8],
			"color": 0,
			"children": [24, 25, 26, 27, 28, 29, 30, 31]
		},
		{
			"name": "group",
			"origin": [8, 8, 8],
			"color": 0,
			"children": [32, 33, 34, 35, 36, 37, 38, 39]
		}
	]
}