{
	"credit": "Made with Blockbench",
	"textures": {
		"0": "item/music_disc_13",
		"1": "item/gamba",
		"particle": "item/music_disc_13"
	},
	"elements": [
		{
			"name": "Base",
			"from": [0, -16, 7],
			"to": [16, 0, 28],
			"rotation": {"angle": 0, "axis": "y", "origin": [0, -16, 7]},
			"faces": {
				"north": {"uv": [0, 8, 1, 9], "texture": "#0"},
				"east": {"uv": [0, 8, 1, 9], "texture": "#0"},
				"south": {"uv": [0, 8, 1, 9], "texture": "#0"},
				"west": {"uv": [0, 8, 1, 9], "texture": "#0"},
				"up": {"uv": [0, 8, 1, 9], "texture": "#0"},
				"down": {"uv": [0, 8, 1, 9], "texture": "#0"}
			}
		},
		{
			"name": "Top",
			"from": [-0.5, 19.25, 18],
			"to": [16.5, 20.25, 21],
			"rotation": {"angle": 0, "axis": "y", "origin": [0, 8.25, 7]},
			"faces": {
				"north": {"uv": [8, 0, 9, 1], "texture": "#0"},
				"east": {"uv": [0, 0, 1, 1], "texture": "#0"},
				"south": {"uv": [0, 0, 1, 1], "texture": "#0"},
				"west": {"uv": [0, 0, 1, 1], "texture": "#0"},
				"up": {"uv": [0, 0, 1, 1], "texture": "#0"},
				"down": {"uv": [0, 0, 1, 1], "texture": "#0"}
			}
		},
		{
			"name": "Back",
			"from": [-0.5, 0, 19.5],
			"to": [16.5, 20.25, 27.5],
			"rotation": {"angle": 0, "axis": "y", "origin": [8, 15, 20.5]},
			"faces": {
				"north": {"uv": [0, 0, 1, 1], "texture": "#0"},
				"east": {"uv": [0, 0, 1, 1], "texture": "#0"},
				"south": {"uv": [0, 0, 1, 1], "texture": "#0"},
				"west": {"uv": [0, 0, 1, 1], "texture": "#0"},
				"up": {"uv": [0, 0, 1, 1], "texture": "#0"},
				"down": {"uv": [0, 0, 1, 1], "texture": "#0"}
			}
		},
		{
			"from": [-0.5, -8.25, 14.25],
			"to": [16.5, 2, 27.5],
			"rotation": {"angle": 0, "axis": "y", "origin": [8.5, -2.75, 21.75]},
			"faces": {
				"north": {"uv": [0, 0, 1, 1], "texture": "#0"},
				"east": {"uv": [0, 0, 1, 1], "texture": "#0"},
				"south": {"uv": [0, 0, 1, 1], "texture": "#0"},
				"west": {"uv": [0, 0, 1, 1], "texture": "#0"},
				"up": {"uv": [0, 0, 1, 1], "texture": "#0"},
				"down": {"uv": [0, 0, 1, 1], "texture": "#0"}
			}
		},
		{
			"from": [-0.5, 2.5, 12.75],
			"to": [16.5, 12.75, 23.25],
			"rotation": {"angle": -45, "axis": "x", "origin": [8.5, 8, 21.75]},
			"faces": {
				"north": {"uv": [0, 0, 1, 1], "texture": "#0"},
				"east": {"uv": [0, 0, 1, 1], "texture": "#0"},
				"south": {"uv": [0, 0, 1, 1], "texture": "#0"},
				"west": {"uv": [0, 0, 1, 1], "texture": "#0"},
				"up": {"uv": [0, 0, 1, 1], "texture": "#0"},
				"down": {"uv": [0, 0, 1, 1], "texture": "#0"}
			}
		},
		{
			"from": [-0.5, -8.25, 14.25],
			"to": [16.5, 2, 25.25],
			"rotation": {"angle": 0, "axis": "x", "origin": [8.5, -2.75, 21.75]},
			"faces": {
				"north": {"uv": [0, 0, 1, 1], "texture": "#0"},
				"east": {"uv": [0, 0, 1, 1], "texture": "#0"},
				"south": {"uv": [0, 0, 1, 1], "texture": "#0"},
				"west": {"uv": [0, 0, 1, 1], "texture": "#0"},
				"up": {"uv": [0, 0, 1, 1], "texture": "#0"},
				"down": {"uv": [0, 0, 1, 1], "texture": "#0"}
			}
		},
		{
			"from": [-0.5, 9, 18.5],
			"to": [16.5, 19, 20.5],
			"rotation": {"angle": 0, "axis": "x", "origin": [8.5, 13.5, 24.5]},
			"faces": {
				"north": {"uv": [0, 0, 1, 1], "texture": "#0"},
				"east": {"uv": [0, 0, 1, 1], "texture": "#0"},
				"south": {"uv": [0, 0, 1, 1], "texture": "#0"},
				"west": {"uv": [0, 0, 1, 1], "texture": "#0"},
				"up": {"uv": [0, 0, 1, 1], "texture": "#0"},
				"down": {"uv": [0, 0, 1, 1], "texture": "#0"}
			}
		},
		{
			"from": [-0.5, 6, 20.25],
			"to": [16.5, 16, 22.25],
			"rotation": {"angle": 0, "axis": "x", "origin": [8.5, 10.5, 26.25]},
			"faces": {
				"north": {"uv": [0, 0, 1, 1], "texture": "#0"},
				"east": {"uv": [0, 0, 1, 1], "texture": "#0"},
				"south": {"uv": [0, 0, 1, 1], "texture": "#0"},
				"west": {"uv": [0, 0, 1, 1], "texture": "#0"},
				"up": {"uv": [0, 0, 1, 1], "texture": "#0"},
				"down": {"uv": [0, 0, 1, 1], "texture": "#0"}
			}
		},
		{
			"from": [-0.5, 6, 16.75],
			"to": [16.5, 16, 18.75],
			"rotation": {"angle": 0, "axis": "x", "origin": [8.5, 10.5, 22.75]},
			"faces": {
				"north": {"uv": [0, 0, 1, 1], "texture": "#0"},
				"east": {"uv": [0, 0, 1, 1], "texture": "#0"},
				"south": {"uv": [0, 0, 1, 1], "texture": "#0"},
				"west": {"uv": [0, 0, 1, 1], "texture": "#0"},
				"up": {"uv": [0, 0, 1, 1], "texture": "#0"},
				"down": {"uv": [0, 0, 1, 1], "texture": "#0"}
			}
		},
		{
			"from": [-0.5, 1.75, 15],
			"to": [16.5, 11.75, 17],
			"rotation": {"angle": 0, "axis": "x", "origin": [8.5, 6.25, 21]},
			"faces": {
				"north": {"uv": [0, 0, 1, 1], "texture": "#0"},
				"east": {"uv": [0, 0, 1, 1], "texture": "#0"},
				"south": {"uv": [0, 0, 1, 1], "texture": "#0"},
				"west": {"uv": [0, 0, 1, 1], "texture": "#0"},
				"up": {"uv": [0, 0, 1, 1], "texture": "#0"},
				"down": {"uv": [0, 0, 1, 1], "texture": "#0"}
			}
		},
		{
			"from": [-0.5, 1.75, 22],
			"to": [16.5, 11.75, 24],
			"rotation": {"angle": 0, "axis": "x", "origin": [8.5, 6.25, 28]},
			"faces": {
				"north": {"uv": [0, 0, 1, 1], "texture": "#0"},
				"east": {"uv": [0, 0, 1, 1], "texture": "#0"},
				"south": {"uv": [0, 0, 1, 1], "texture": "#0"},
				"west": {"uv": [0, 0, 1, 1], "texture": "#0"},
				"up": {"uv": [0, 0, 1, 1], "texture": "#0"},
				"down": {"uv": [0, 0, 1, 1], "texture": "#0"}
			}
		},
		{
			"from": [0.5, 13.75, 13.5],
			"to": [15.5, 20.75, 15.5],
			"rotation": {"angle": 22.5, "axis": "x", "origin": [21, 8.25, 14.5]},
			"faces": {
				"north": {"uv": [15, 0, 16, 7], "texture": "#0"},
				"east": {"uv": [15, 0, 16, 7], "texture": "#0"},
				"south": {"uv": [15, 0, 16, 7], "texture": "#0"},
				"west": {"uv": [15, 0, 16, 7], "texture": "#0"},
				"up": {"uv": [15, 0, 16, 7], "texture": "#0"},
				"down": {"uv": [15, 0, 16, 7], "texture": "#0"}
			}
		},
		{
			"from": [0.5, -1.5, 9.25],
			"to": [15.5, 6.5, 18.25],
			"rotation": {"angle": 45, "axis": "x", "origin": [21, 2, 10.25]},
			"faces": {
				"north": {"uv": [14, 0, 15, 16], "texture": "#0"},
				"east": {"uv": [14, 0, 15, 16], "texture": "#0"},
				"south": {"uv": [14, 0, 15, 16], "texture": "#0"},
				"west": {"uv": [14, 0, 15, 16], "texture": "#0"},
				"up": {"uv": [14, 0, 15, 16], "texture": "#0"},
				"down": {"uv": [14, 0, 15, 16], "texture": "#0"}
			}
		},
		{
			"from": [0.5, -2.5, 9.25],
			"to": [15.5, -1.5, 18.25],
			"rotation": {"angle": 45, "axis": "x", "origin": [21, 2, 10.25]},
			"faces": {
				"north": {"uv": [8, 0, 9, 1], "texture": "#0"},
				"east": {"uv": [0, 0, 1, 1], "texture": "#0"},
				"south": {"uv": [0, 0, 1, 1], "texture": "#0"},
				"west": {"uv": [0, 0, 1, 1], "texture": "#0"},
				"up": {"uv": [0, 0, 1, 1], "texture": "#0"},
				"down": {"uv": [0, 0, 1, 1], "texture": "#0"}
			}
		},
		{
			"name": "Slot",
			"from": [6.5, 4.75, 13.5],
			"to": [9.5, 7.75, 15.5],
			"rotation": {"angle": 22.5, "axis": "x", "origin": [15, 8.25, 14.5]},
			"faces": {
				"north": {"uv": [0, 0, 16, 16], "texture": "#1"},
				"east": {"uv": [0, 0, 1, 1], "texture": "#0"},
				"south": {"uv": [0, 0, 1, 1], "texture": "#0"},
				"west": {"uv": [0, 0, 1, 1], "texture": "#0"},
				"up": {"uv": [0, 0, 1, 1], "texture": "#0"},
				"down": {"uv": [0, 0, 1, 1], "texture": "#0"}
			}
		},
		{
			"name": "Slot",
			"from": [6.5, 7.75, 13.5],
			"to": [9.5, 10.75, 15.5],
			"rotation": {"angle": 22.5, "axis": "x", "origin": [15, 8.25, 14.5]},
			"faces": {
				"north": {"uv": [0, 0, 16, 16], "texture": "#1"},
				"east": {"uv": [0, 0, 1, 1], "texture": "#0"},
				"south": {"uv": [0, 0, 1, 1], "texture": "#0"},
				"west": {"uv": [0, 0, 1, 1], "texture": "#0"},
				"up": {"uv": [0, 0, 1, 1], "texture": "#0"},
				"down": {"uv": [0, 0, 1, 1], "texture": "#0"}
			}
		},
		{
			"name": "Slot",
			"from": [6.5, 10.75, 13.5],
			"to": [9.5, 13.75, 15.5],
			"rotation": {"angle": 22.5, "axis": "x", "origin": [15, 8.25, 14.5]},
			"faces": {
				"north": {"uv": [0, 0, 16, 16], "texture": "#1"},
				"east": {"uv": [0, 0, 1, 1], "texture": "#0"},
				"south": {"uv": [0, 0, 1, 1], "texture": "#0"},
				"west": {"uv": [0, 0, 1, 1], "texture": "#0"},
				"up": {"uv": [0, 0, 1, 1], "texture": "#0"},
				"down": {"uv": [0, 0, 1, 1], "texture": "#0"}
			}
		},
		{
			"name": "Slot",
			"from": [3.5, 4.75, 13.5],
			"to": [6.5, 7.75, 15.5],
			"rotation": {"angle": 22.5, "axis": "x", "origin": [12, 8.25, 14.5]},
			"faces": {
				"north": {"uv": [0, 0, 16, 16], "texture": "#1"},
				"east": {"uv": [0, 0, 1, 1], "texture": "#0"},
				"south": {"uv": [0, 0, 1, 1], "texture": "#0"},
				"west": {"uv": [0, 0, 1, 1], "texture": "#0"},
				"up": {"uv": [0, 0, 1, 1], "texture": "#0"},
				"down": {"uv": [0, 0, 1, 1], "texture": "#0"}
			}
		},
		{
			"name": "Slot",
			"from": [3.5, 7.75, 13.5],
			"to": [6.5, 10.75, 15.5],
			"rotation": {"angle": 22.5, "axis": "x", "origin": [12, 8.25, 14.5]},
			"faces": {
				"north": {"uv": [0, 0, 16, 16], "texture": "#1"},
				"east": {"uv": [0, 0, 1, 1], "texture": "#0"},
				"south": {"uv": [0, 0, 1, 1], "texture": "#0"},
				"west": {"uv": [0, 0, 1, 1], "texture": "#0"},
				"up": {"uv": [0, 0, 1, 1], "texture": "#0"},
				"down": {"uv": [0, 0, 1, 1], "texture": "#0"}
			}
		},
		{
			"name": "Slot",
			"from": [3.5, 10.75, 13.5],
			"to": [6.5, 13.75, 15.5],
			"rotation": {"angle": 22.5, "axis": "x", "origin": [12, 8.25, 14.5]},
			"faces": {
				"north": {"uv": [0, 0, 16, 16], "texture": "#1"},
				"east": {"uv": [0, 0, 1, 1], "texture": "#0"},
				"south": {"uv": [0, 0, 1, 1], "texture": "#0"},
				"west": {"uv": [0, 0, 1, 1], "texture": "#0"},
				"up": {"uv": [0, 0, 1, 1], "texture": "#0"},
				"down": {"uv": [0, 0, 1, 1], "texture": "#0"}
			}
		},
		{
			"name": "Slot",
			"from": [0.5, 4.75, 13.5],
			"to": [3.5, 7.75, 15.5],
			"rotation": {"angle": 22.5, "axis": "x", "origin": [9, 8.25, 14.5]},
			"faces": {
				"north": {"uv": [0, 0, 16, 16], "texture": "#1"},
				"east": {"uv": [0, 0, 1, 1], "texture": "#0"},
				"south": {"uv": [0, 0, 1, 1], "texture": "#0"},
				"west": {"uv": [0, 0, 1, 1], "texture": "#0"},
				"up": {"uv": [0, 0, 1, 1], "texture": "#0"},
				"down": {"uv": [0, 0, 1, 1], "texture": "#0"}
			}
		},
		{
			"name": "Slot",
			"from": [0.5, 10.75, 13.5],
			"to": [3.5, 13.75, 15.5],
			"rotation": {"angle": 22.5, "axis": "x", "origin": [9, 8.25, 14.5]},
			"faces": {
				"north": {"uv": [0, 0, 16, 16], "texture": "#1"},
				"east": {"uv": [0, 0, 1, 1], "texture": "#0"},
				"south": {"uv": [0, 0, 1, 1], "texture": "#0"},
				"west": {"uv": [0, 0, 1, 1], "texture": "#0"},
				"up": {"uv": [0, 0, 1, 1], "texture": "#0"},
				"down": {"uv": [0, 0, 1, 1], "texture": "#0"}
			}
		},
		{
			"name": "Slot",
			"from": [0.5, 7.75, 13.5],
			"to": [3.5, 10.75, 15.5],
			"rotation": {"angle": 22.5, "axis": "x", "origin": [9, 8.25, 14.5]},
			"faces": {
				"north": {"uv": [0, 0, 16, 16], "texture": "#1"},
				"east": {"uv": [0, 0, 1, 1], "texture": "#0"},
				"south": {"uv": [0, 0, 1, 1], "texture": "#0"},
				"west": {"uv": [0, 0, 1, 1], "texture": "#0"},
				"up": {"uv": [0, 0, 1, 1], "texture": "#0"},
				"down": {"uv": [0, 0, 1, 1], "texture": "#0"}
			}
		},
		{
			"name": "Slot",
			"from": [9.5, 4.75, 13.5],
			"to": [12.5, 7.75, 15.5],
			"rotation": {"angle": 22.5, "axis": "x", "origin": [18, 8.25, 14.5]},
			"faces": {
				"north": {"uv": [0, 0, 16, 16], "texture": "#1"},
				"east": {"uv": [0, 0, 1, 1], "texture": "#0"},
				"south": {"uv": [0, 0, 1, 1], "texture": "#0"},
				"west": {"uv": [0, 0, 1, 1], "texture": "#0"},
				"up": {"uv": [0, 0, 1, 1], "texture": "#0"},
				"down": {"uv": [0, 0, 1, 1], "texture": "#0"}
			}
		},
		{
			"name": "Slot",
			"from": [9.5, 7.75, 13.5],
			"to": [12.5, 10.75, 15.5],
			"rotation": {"angle": 22.5, "axis": "x", "origin": [18, 8.25, 14.5]},
			"faces": {
				"north": {"uv": [0, 0, 16, 16], "texture": "#1"},
				"east": {"uv": [0, 0, 1, 1], "texture": "#0"},
				"south": {"uv": [0, 0, 1, 1], "texture": "#0"},
				"west": {"uv": [0, 0, 1, 1], "texture": "#0"},
				"up": {"uv": [0, 0, 1, 1], "texture": "#0"},
				"down": {"uv": [0, 0, 1, 1], "texture": "#0"}
			}
		},
		{
			"name": "Slot",
			"from": [9.5, 10.75, 13.5],
			"to": [12.5, 13.75, 15.5],
			"rotation": {"angle": 22.5, "axis": "x", "origin": [18, 8.25, 14.5]},
			"faces": {
				"north": {"uv": [0, 0, 16, 16], "texture": "#1"},
				"east": {"uv": [0, 0, 1, 1], "texture": "#0"},
				"south": {"uv": [0, 0, 1, 1], "texture": "#0"},
				"west": {"uv": [0, 0, 1, 1], "texture": "#0"},
				"up": {"uv": [0, 0, 1, 1], "texture": "#0"},
				"down": {"uv": [0, 0, 1, 1], "texture": "#0"}
			}
		},
		{
			"name": "Slot",
			"from": [12.5, 4.75, 13.5],
			"to": [15.5, 7.75, 15.5],
			"rotation": {"angle": 22.5, "axis": "x", "origin": [21, 8.25, 14.5]},
			"faces": {
				"north": {"uv": [0, 0, 16, 16], "texture": "#1"},
				"east": {"uv": [0, 0, 1, 1], "texture": "#0"},
				"south": {"uv": [0, 0, 1, 1], "texture": "#0"},
				"west": {"uv": [0, 0, 1, 1], "texture": "#0"},
				"up": {"uv": [0, 0, 1, 1], "texture": "#0"},
				"down": {"uv": [0, 0, 1, 1], "texture": "#0"}
			}
		},
		{
			"name": "Slot",
			"from": [12.5, 7.75, 13.5],
			"to": [15.5, 10.75, 15.5],
			"rotation": {"angle": 22.5, "axis": "x", "origin": [21, 8.25, 14.5]},
			"faces": {
				"north": {"uv": [0, 0, 16, 16], "texture": "#1"},
				"east": {"uv": [0, 0, 1, 1], "texture": "#0"},
				"south": {"uv": [0, 0, 1, 1], "texture": "#0"},
				"west": {"uv": [0, 0, 1, 1], "texture": "#0"},
				"up": {"uv": [0, 0, 1, 1], "texture": "#0"},
				"down": {"uv": [0, 0, 1, 1], "texture": "#0"}
			}
		},
		{
			"name": "Slot",
			"from": [12.5, 10.75, 13.5],
			"to": [15.5, 13.75, 15.5],
			"rotation": {"angle": 22.5, "axis": "x", "origin": [21, 8.25, 14.5]},
			"faces": {
				"north": {"uv": [0, 0, 16, 16], "texture": "#1"},
				"east": {"uv": [0, 0, 1, 1], "texture": "#0"},
				"south": {"uv": [0, 0, 1, 1], "texture": "#0"},
				"west": {"uv": [0, 0, 1, 1], "texture": "#0"},
				"up": {"uv": [0, 0, 1, 1], "texture": "#0"},
				"down": {"uv": [0, 0, 1, 1], "texture": "#0"}
			}
		},
		{
			"from": [15.5, -2.5, 9.25],
			"to": [16.5, 6.5, 18.25],
			"rotation": {"angle": 45, "axis": "x", "origin": [22.5, 2, 10.25]},
			"faces": {
				"north": {"uv": [9, 0, 8, 1], "texture": "#0"},
				"east": {"uv": [1, 0, 0, 1], "texture": "#0"},
				"south": {"uv": [1, 0, 0, 1], "texture": "#0"},
				"west": {"uv": [1, 0, 0, 1], "texture": "#0"},
				"up": {"uv": [1, 0, 0, 1], "texture": "#0"},
				"down": {"uv": [1, 0, 0, 1], "texture": "#0"}
			}
		},
		{
			"from": [15.5, 4.75, 13.5],
			"to": [16.5, 20.75, 15.5],
			"rotation": {"angle": 22.5, "axis": "x", "origin": [22.5, 8.25, 14.5]},
			"faces": {
				"north": {"uv": [9, 0, 8, 1], "texture": "#0"},
				"east": {"uv": [1, 0, 0, 1], "texture": "#0"},
				"south": {"uv": [1, 0, 0, 1], "texture": "#0"},
				"west": {"uv": [1, 0, 0, 1], "texture": "#0"},
				"up": {"uv": [1, 0, 0, 1], "texture": "#0"},
				"down": {"uv": [1, 0, 0, 1], "texture": "#0"}
			}
		},
		{
			"from": [-0.5, -2.5, 9.25],
			"to": [0.5, 6.5, 20.25],
			"rotation": {"angle": 45, "axis": "x", "origin": [6.5, 2, 10.25]},
			"faces": {
				"north": {"uv": [9, 0, 8, 1], "texture": "#0"},
				"east": {"uv": [1, 0, 0, 1], "texture": "#0"},
				"south": {"uv": [1, 0, 0, 1], "texture": "#0"},
				"west": {"uv": [1, 0, 0, 1], "texture": "#0"},
				"up": {"uv": [1, 0, 0, 1], "texture": "#0"},
				"down": {"uv": [1, 0, 0, 1], "texture": "#0"}
			}
		},
		{
			"from": [-0.5, 4.75, 13.5],
			"to": [0.5, 20.75, 15.5],
			"rotation": {"angle": 22.5, "axis": "x", "origin": [6.5, 8.25, 14.5]},
			"faces": {
				"north": {"uv": [9, 0, 8, 1], "texture": "#0"},
				"east": {"uv": [1, 0, 0, 1], "texture": "#0"},
				"south": {"uv": [1, 0, 0, 1], "texture": "#0"},
				"west": {"uv": [1, 0, 0, 1], "texture": "#0"},
				"up": {"uv": [1, 0, 0, 1], "texture": "#0"},
				"down": {"uv": [1, 0, 0, 1], "texture": "#0"}
			}
		}
	],
	"groups": [
		{
			"name": "Other",
			"origin": [0, 8.25, 7],
			"color": 0,
			"children": [0, 1, 2, 3]
		},
		{
			"name": "Main",
			"origin": [8, 8, 8],
			"color": 0,
			"children": [
				{
					"name": "Fill",
					"origin": [8, 8.25, 24.5],
					"color": 0,
					"children": [4, 5, 6, 7, 8, 9, 10]
				},
				{
					"name": "Panel",
					"origin": [8, 8, 8],
					"color": 0,
					"children": [
						{
							"name": "Empty",
							"origin": [28, 8.25, 24.5],
							"color": 0,
							"children": [11, 12, 13]
						},
						{
							"name": "Slot",
							"origin": [28, 8.25, 24.5],
							"color": 0,
							"children": [14, 15, 16, 17, 18, 19, 20, 21, 22, 23, 24, 25, 26, 27, 28]
						}
					]
				},
				{
					"name": "LED",
					"origin": [8, 8, 8],
					"color": 0,
					"children": [29, 30, 31, 32]
				}
			]
		}
	]
}