{
	"credit": "Made with Blockbench",
	"textures": {
		"0": "item/paper",
		"particle": "item/paper"
	},
	"elements": [
		{
			"name": "RedLine",
			"from": [0.5, 0, 12.5],
			"to": [16, 1.5, 13],
			"rotation": {"angle": 0, "axis": "y", "origin": [3, 0, 1]},
			"faces": {
				"north": {"uv": [9, 9, 15, 15], "texture": "#0"},
				"east": {"uv": [9, 9, 15, 15], "texture": "#0"},
				"south": {"uv": [9, 9, 15, 15], "texture": "#0"},
				"west": {"uv": [9, 9, 15, 15], "texture": "#0"},
				"up": {"uv": [9, 9, 15, 15], "texture": "#0"},
				"down": {"uv": [9, 9, 15, 15], "texture": "#0"}
			}
		},
		{
			"name": "rings",
			"from": [12, -0.25, 14.25],
			"to": [12.5, 1.75, 16.25],
			"rotation": {"angle": 0, "axis": "y", "origin": [11.5, -0.25, 2.25]},
			"faces": {
				"north": {"uv": [9, 1, 15, 7], "texture": "#0"},
				"east": {"uv": [9, 1, 15, 7], "texture": "#0"},
				"south": {"uv": [9, 1, 15, 7], "texture": "#0"},
				"west": {"uv": [9, 1, 15, 7], "texture": "#0"},
				"up": {"uv": [9, 1, 15, 7], "texture": "#0"},
				"down": {"uv": [9, 1, 15, 7], "texture": "#0"}
			}
		},
		{
			"name": "rings",
			"from": [13, -0.25, 14.25],
			"to": [13.5, 1.75, 16.25],
			"rotation": {"angle": 0, "axis": "y", "origin": [12.5, -0.25, 2.25]},
			"faces": {
				"north": {"uv": [9, 1, 15, 7], "texture": "#0"},
				"east": {"uv": [9, 1, 15, 7], "texture": "#0"},
				"south": {"uv": [9, 1, 15, 7], "texture": "#0"},
				"west": {"uv": [9, 1, 15, 7], "texture": "#0"},
				"up": {"uv": [9, 1, 15, 7], "texture": "#0"},
				"down": {"uv": [9, 1, 15, 7], "texture": "#0"}
			}
		},
		{
			"name": "rings",
			"from": [14, -0.25, 14.25],
			"to": [14.5, 1.75, 16.25],
			"rotation": {"angle": 0, "axis": "y", "origin": [13.5, -0.25, 2.25]},
			"faces": {
				"north": {"uv": [9, 1, 15, 7], "texture": "#0"},
				"east": {"uv": [9, 1, 15, 7], "texture": "#0"},
				"south": {"uv": [9, 1, 15, 7], "texture": "#0"},
				"west": {"uv": [9, 1, 15, 7], "texture": "#0"},
				"up": {"uv": [9, 1, 15, 7], "texture": "#0"},
				"down": {"uv": [9, 1, 15, 7], "texture": "#0"}
			}
		},
		{
			"name": "rings",
			"from": [15, -0.25, 14.25],
			"to": [15.5, 1.75, 16.25],
			"rotation": {"angle": 0, "axis": "y", "origin": [14.5, -0.25, 2.25]},
			"faces": {
				"north": {"uv": [9, 1, 15, 7], "texture": "#0"},
				"east": {"uv": [9, 1, 15, 7], "texture": "#0"},
				"south": {"uv": [9, 1, 15, 7], "texture": "#0"},
				"west": {"uv": [9, 1, 15, 7], "texture": "#0"},
				"up": {"uv": [9, 1, 15, 7], "texture": "#0"},
				"down": {"uv": [9, 1, 15, 7], "texture": "#0"}
			}
		},
		{
			"name": "rings",
			"from": [11, -0.25, 14.25],
			"to": [11.5, 1.75, 16.25],
			"rotation": {"angle": 0, "axis": "y", "origin": [10.5, -0.25, 2.25]},
			"faces": {
				"north": {"uv": [9, 1, 15, 7], "texture": "#0"},
				"east": {"uv": [9, 1, 15, 7], "texture": "#0"},
				"south": {"uv": [9, 1, 15, 7], "texture": "#0"},
				"west": {"uv": [9, 1, 15, 7], "texture": "#0"},
				"up": {"uv": [9, 1, 15, 7], "texture": "#0"},
				"down": {"uv": [9, 1, 15, 7], "texture": "#0"}
			}
		},
		{
			"name": "rings",
			"from": [10, -0.25, 14.25],
			"to": [10.5, 1.75, 16.25],
			"rotation": {"angle": 0, "axis": "y", "origin": [9.5, -0.25, 2.25]},
			"faces": {
				"north": {"uv": [9, 1, 15, 7], "texture": "#0"},
				"east": {"uv": [9, 1, 15, 7], "texture": "#0"},
				"south": {"uv": [9, 1, 15, 7], "texture": "#0"},
				"west": {"uv": [9, 1, 15, 7], "texture": "#0"},
				"up": {"uv": [9, 1, 15, 7], "texture": "#0"},
				"down": {"uv": [9, 1, 15, 7], "texture": "#0"}
			}
		},
		{
			"name": "rings",
			"from": [9, -0.25, 14.25],
			"to": [9.5, 1.75, 16.25],
			"rotation": {"angle": 0, "axis": "y", "origin": [8.5, -0.25, 2.25]},
			"faces": {
				"north": {"uv": [9, 1, 15, 7], "texture": "#0"},
				"east": {"uv": [9, 1, 15, 7], "texture": "#0"},
				"south": {"uv": [9, 1, 15, 7], "texture": "#0"},
				"west": {"uv": [9, 1, 15, 7], "texture": "#0"},
				"up": {"uv": [9, 1, 15, 7], "texture": "#0"},
				"down": {"uv": [9, 1, 15, 7], "texture": "#0"}
			}
		},
		{
			"name": "rings",
			"from": [8, -0.25, 14.25],
			"to": [8.5, 1.75, 16.25],
			"rotation": {"angle": 0, "axis": "y", "origin": [7.5, -0.25, 2.25]},
			"faces": {
				"north": {"uv": [9, 1, 15, 7], "texture": "#0"},
				"east": {"uv": [9, 1, 15, 7], "texture": "#0"},
				"south": {"uv": [9, 1, 15, 7], "texture": "#0"},
				"west": {"uv": [9, 1, 15, 7], "texture": "#0"},
				"up": {"uv": [9, 1, 15, 7], "texture": "#0"},
				"down": {"uv": [9, 1, 15, 7], "texture": "#0"}
			}
		},
		{
			"name": "rings",
			"from": [7, -0.25, 14.25],
			"to": [7.5, 1.75, 16.25],
			"rotation": {"angle": 0, "axis": "y", "origin": [6.5, -0.25, 2.25]},
			"faces": {
				"north": {"uv": [9, 1, 15, 7], "texture": "#0"},
				"east": {"uv": [9, 1, 15, 7], "texture": "#0"},
				"south": {"uv": [9, 1, 15, 7], "texture": "#0"},
				"west": {"uv": [9, 1, 15, 7], "texture": "#0"},
				"up": {"uv": [9, 1, 15, 7], "texture": "#0"},
				"down": {"uv": [9, 1, 15, 7], "texture": "#0"}
			}
		},
		{
			"name": "rings",
			"from": [6, -0.25, 14.25],
			"to": [6.5, 1.75, 16.25],
			"rotation": {"angle": 0, "axis": "y", "origin": [5.5, -0.25, 2.25]},
			"faces": {
				"north": {"uv": [9, 1, 15, 7], "texture": "#0"},
				"east": {"uv": [9, 1, 15, 7], "texture": "#0"},
				"south": {"uv": [9, 1, 15, 7], "texture": "#0"},
				"west": {"uv": [9, 1, 15, 7], "texture": "#0"},
				"up": {"uv": [9, 1, 15, 7], "texture": "#0"},
				"down": {"uv": [9, 1, 15, 7], "texture": "#0"}
			}
		},
		{
			"name": "rings",
			"from": [5, -0.25, 14.25],
			"to": [5.5, 1.75, 16.25],
			"rotation": {"angle": 0, "axis": "y", "origin": [4.5, -0.25, 2.25]},
			"faces": {
				"north": {"uv": [9, 1, 15, 7], "texture": "#0"},
				"east": {"uv": [9, 1, 15, 7], "texture": "#0"},
				"south": {"uv": [9, 1, 15, 7], "texture": "#0"},
				"west": {"uv": [9, 1, 15, 7], "texture": "#0"},
				"up": {"uv": [9, 1, 15, 7], "texture": "#0"},
				"down": {"uv": [9, 1, 15, 7], "texture": "#0"}
			}
		},
		{
			"name": "rings",
			"from": [4, -0.25, 14.25],
			"to": [4.5, 1.75, 16.25],
			"rotation": {"angle": 0, "axis": "y", "origin": [3.5, -0.25, 2.25]},
			"faces": {
				"north": {"uv": [9, 1, 15, 7], "texture": "#0"},
				"east": {"uv": [9, 1, 15, 7], "texture": "#0"},
				"south": {"uv": [9, 1, 15, 7], "texture": "#0"},
				"west": {"uv": [9, 1, 15, 7], "texture": "#0"},
				"up": {"uv": [9, 1, 15, 7], "texture": "#0"},
				"down": {"uv": [9, 1, 15, 7], "texture": "#0"}
			}
		},
		{
			"name": "rings",
			"from": [3, -0.25, 14.25],
			"to": [3.5, 1.75, 16.25],
			"rotation": {"angle": 0, "axis": "y", "origin": [2.5, -0.25, 2.25]},
			"faces": {
				"north": {"uv": [9, 1, 15, 7], "texture": "#0"},
				"east": {"uv": [9, 1, 15, 7], "texture": "#0"},
				"south": {"uv": [9, 1, 15, 7], "texture": "#0"},
				"west": {"uv": [9, 1, 15, 7], "texture": "#0"},
				"up": {"uv": [9, 1, 15, 7], "texture": "#0"},
				"down": {"uv": [9, 1, 15, 7], "texture": "#0"}
			}
		},
		{
			"name": "rings",
			"from": [2, -0.25, 14.25],
			"to": [2.5, 1.75, 16.25],
			"rotation": {"angle": 0, "axis": "y", "origin": [1.5, -0.25, 2.25]},
			"faces": {
				"north": {"uv": [9, 1, 15, 7], "texture": "#0"},
				"east": {"uv": [9, 1, 15, 7], "texture": "#0"},
				"south": {"uv": [9, 1, 15, 7], "texture": "#0"},
				"west": {"uv": [9, 1, 15, 7], "texture": "#0"},
				"up": {"uv": [9, 1, 15, 7], "texture": "#0"},
				"down": {"uv": [9, 1, 15, 7], "texture": "#0"}
			}
		},
		{
			"name": "rings",
			"from": [1, -0.25, 14.25],
			"to": [1.5, 1.75, 16.25],
			"rotation": {"angle": 0, "axis": "y", "origin": [0.5, -0.25, 2.25]},
			"faces": {
				"north": {"uv": [9, 1, 15, 7], "texture": "#0"},
				"east": {"uv": [9, 1, 15, 7], "texture": "#0"},
				"south": {"uv": [9, 1, 15, 7], "texture": "#0"},
				"west": {"uv": [9, 1, 15, 7], "texture": "#0"},
				"up": {"uv": [9, 1, 15, 7], "texture": "#0"},
				"down": {"uv": [9, 1, 15, 7], "texture": "#0"}
			}
		},
		{
			"name": "Papers",
			"from": [14, 0, 5.5],
			"to": [15, 1.5, 12.5],
			"rotation": {"angle": 0, "axis": "y", "origin": [2, 0, -1.5]},
			"faces": {
				"north": {"uv": [1, 7, 7, 9], "rotation": 270, "texture": "#0"},
				"east": {"uv": [1, 1, 7, 7], "rotation": 90, "texture": "#0"},
				"south": {"uv": [1, 1, 7, 15], "rotation": 90, "texture": "#0"},
				"west": {"uv": [1, 1, 7, 7], "rotation": 90, "texture": "#0"},
				"up": {"uv": [1, 7, 7, 9], "rotation": 90, "texture": "#0"},
				"down": {"uv": [1, 7, 7, 9], "rotation": 90, "texture": "#0"}
			}
		},
		{
			"name": "Papers",
			"from": [15, 0, 5.5],
			"to": [16, 1.5, 12.5],
			"rotation": {"angle": 0, "axis": "y", "origin": [3, 0, -1.5]},
			"faces": {
				"north": {"uv": [1, 7, 7, 9], "rotation": 270, "texture": "#0"},
				"east": {"uv": [1, 6, 7, 7], "rotation": 90, "texture": "#0"},
				"south": {"uv": [1, 1, 7, 15], "rotation": 90, "texture": "#0"},
				"west": {"uv": [1, 1, 7, 7], "rotation": 90, "texture": "#0"},
				"up": {"uv": [1, 7, 7, 9], "rotation": 90, "texture": "#0"},
				"down": {"uv": [1, 7, 7, 9], "rotation": 90, "texture": "#0"}
			}
		},
		{
			"name": "Papers",
			"from": [13, 0, 5.5],
			"to": [14, 1.5, 12.5],
			"rotation": {"angle": 0, "axis": "y", "origin": [1, 0, -1.5]},
			"faces": {
				"north": {"uv": [1, 7, 7, 9], "rotation": 270, "texture": "#0"},
				"east": {"uv": [1, 1, 7, 7], "rotation": 90, "texture": "#0"},
				"south": {"uv": [1, 1, 7, 15], "rotation": 90, "texture": "#0"},
				"west": {"uv": [1, 1, 7, 7], "rotation": 90, "texture": "#0"},
				"up": {"uv": [1, 7, 7, 9], "rotation": 90, "texture": "#0"},
				"down": {"uv": [1, 7, 7, 9], "rotation": 90, "texture": "#0"}
			}
		},
		{
			"name": "Papers",
			"from": [12, 0, 5.5],
			"to": [13, 1.5, 12.5],
			"rotation": {"angle": 0, "axis": "y", "origin": [0, 0, -1.5]},
			"faces": {
				"north": {"uv": [1, 7, 7, 9], "rotation": 270, "texture": "#0"},
				"east": {"uv": [1, 1, 7, 7], "rotation": 90, "texture": "#0"},
				"south": {"uv": [1, 1, 7, 15], "rotation": 90, "texture": "#0"},
				"west": {"uv": [1, 1, 7, 7], "rotation": 90, "texture": "#0"},
				"up": {"uv": [1, 7, 7, 9], "rotation": 90, "texture": "#0"},
				"down": {"uv": [1, 7, 7, 9], "rotation": 90, "texture": "#0"}
			}
		},
		{
			"name": "Papers",
			"from": [10, 0, 5.5],
			"to": [11, 1.5, 12.5],
			"rotation": {"angle": 0, "axis": "y", "origin": [-2, 0, -1.5]},
			"faces": {
				"north": {"uv": [1, 7, 7, 9], "rotation": 270, "texture": "#0"},
				"east": {"uv": [1, 1, 7, 7], "rotation": 90, "texture": "#0"},
				"south": {"uv": [1, 1, 7, 15], "rotation": 90, "texture": "#0"},
				"west": {"uv": [1, 1, 7, 7], "rotation": 90, "texture": "#0"},
				"up": {"uv": [1, 7, 7, 9], "rotation": 90, "texture": "#0"},
				"down": {"uv": [1, 7, 7, 9], "rotation": 90, "texture": "#0"}
			}
		},
		{
			"name": "Papers",
			"from": [11, 0, 5.5],
			"to": [12, 1.5, 12.5],
			"rotation": {"angle": 0, "axis": "y", "origin": [-1, 0, -1.5]},
			"faces": {
				"north": {"uv": [1, 7, 7, 9], "rotation": 270, "texture": "#0"},
				"east": {"uv": [1, 1, 7, 7], "rotation": 90, "texture": "#0"},
				"south": {"uv": [1, 1, 7, 15], "rotation": 90, "texture": "#0"},
				"west": {"uv": [1, 1, 7, 7], "rotation": 90, "texture": "#0"},
				"up": {"uv": [1, 7, 7, 9], "rotation": 90, "texture": "#0"},
				"down": {"uv": [1, 7, 7, 9], "rotation": 90, "texture": "#0"}
			}
		},
		{
			"name": "Papers",
			"from": [9, 0, 5.5],
			"to": [10, 1.5, 12.5],
			"rotation": {"angle": 0, "axis": "y", "origin": [-3, 0, -1.5]},
			"faces": {
				"north": {"uv": [1, 7, 7, 9], "rotation": 270, "texture": "#0"},
				"east": {"uv": [1, 1, 7, 7], "rotation": 90, "texture": "#0"},
				"south": {"uv": [1, 1, 7, 15], "rotation": 90, "texture": "#0"},
				"west": {"uv": [1, 1, 7, 7], "rotation": 90, "texture": "#0"},
				"up": {"uv": [1, 7, 7, 9], "rotation": 90, "texture": "#0"},
				"down": {"uv": [1, 7, 7, 9], "rotation": 90, "texture": "#0"}
			}
		},
		{
			"name": "Papers",
			"from": [8, 0, 5.5],
			"to": [9, 1.5, 12.5],
			"rotation": {"angle": 0, "axis": "y", "origin": [-4, 0, -1.5]},
			"faces": {
				"north": {"uv": [1, 7, 7, 9], "rotation": 270, "texture": "#0"},
				"east": {"uv": [1, 1, 7, 7], "rotation": 90, "texture": "#0"},
				"south": {"uv": [1, 1, 7, 15], "rotation": 90, "texture": "#0"},
				"west": {"uv": [1, 1, 7, 7], "rotation": 90, "texture": "#0"},
				"up": {"uv": [1, 7, 7, 9], "rotation": 90, "texture": "#0"},
				"down": {"uv": [1, 7, 7, 9], "rotation": 90, "texture": "#0"}
			}
		},
		{
			"name": "Papers",
			"from": [6, 0, 5.5],
			"to": [7, 1.5, 12.5],
			"rotation": {"angle": 0, "axis": "y", "origin": [-6, 0, -1.5]},
			"faces": {
				"north": {"uv": [1, 7, 7, 9], "rotation": 270, "texture": "#0"},
				"east": {"uv": [1, 1, 7, 7], "rotation": 90, "texture": "#0"},
				"south": {"uv": [1, 1, 7, 15], "rotation": 90, "texture": "#0"},
				"west": {"uv": [1, 1, 7, 7], "rotation": 90, "texture": "#0"},
				"up": {"uv": [1, 7, 7, 9], "rotation": 90, "texture": "#0"},
				"down": {"uv": [1, 7, 7, 9], "rotation": 90, "texture": "#0"}
			}
		},
		{
			"name": "Papers",
			"from": [5, 0, 5.5],
			"to": [6, 1.5, 12.5],
			"rotation": {"angle": 0, "axis": "y", "origin": [-7, 0, -1.5]},
			"faces": {
				"north": {"uv": [1, 7, 7, 9], "rotation": 270, "texture": "#0"},
				"east": {"uv": [1, 1, 7, 7], "rotation": 90, "texture": "#0"},
				"south": {"uv": [1, 1, 7, 15], "rotation": 90, "texture": "#0"},
				"west": {"uv": [1, 1, 7, 7], "rotation": 90, "texture": "#0"},
				"up": {"uv": [1, 7, 7, 9], "rotation": 90, "texture": "#0"},
				"down": {"uv": [1, 7, 7, 9], "rotation": 90, "texture": "#0"}
			}
		},
		{
			"name": "Papers",
			"from": [4, 0, 5.5],
			"to": [5, 1.5, 12.5],
			"rotation": {"angle": 0, "axis": "y", "origin": [-8, 0, -1.5]},
			"faces": {
				"north": {"uv": [1, 7, 7, 9], "rotation": 270, "texture": "#0"},
				"east": {"uv": [1, 1, 7, 7], "rotation": 90, "texture": "#0"},
				"south": {"uv": [1, 1, 7, 15], "rotation": 90, "texture": "#0"},
				"west": {"uv": [1, 1, 7, 7], "rotation": 90, "texture": "#0"},
				"up": {"uv": [1, 7, 7, 9], "rotation": 90, "texture": "#0"},
				"down": {"uv": [1, 7, 7, 9], "rotation": 90, "texture": "#0"}
			}
		},
		{
			"name": "Papers",
			"from": [7, 0, 5.5],
			"to": [8, 1.5, 12.5],
			"rotation": {"angle": 0, "axis": "y", "origin": [-5, 0, -1.5]},
			"faces": {
				"north": {"uv": [1, 7, 7, 9], "rotation": 270, "texture": "#0"},
				"east": {"uv": [1, 1, 7, 7], "rotation": 90, "texture": "#0"},
				"south": {"uv": [1, 1, 7, 15], "rotation": 90, "texture": "#0"},
				"west": {"uv": [1, 1, 7, 7], "rotation": 90, "texture": "#0"},
				"up": {"uv": [1, 7, 7, 9], "rotation": 90, "texture": "#0"},
				"down": {"uv": [1, 7, 7, 9], "rotation": 90, "texture": "#0"}
			}
		},
		{
			"name": "Papers",
			"from": [2, 0, 5.5],
			"to": [3, 1.5, 12.5],
			"rotation": {"angle": 0, "axis": "y", "origin": [-10, 0, -1.5]},
			"faces": {
				"north": {"uv": [1, 7, 7, 9], "rotation": 270, "texture": "#0"},
				"east": {"uv": [1, 1, 7, 7], "rotation": 90, "texture": "#0"},
				"south": {"uv": [1, 1, 7, 15], "rotation": 90, "texture": "#0"},
				"west": {"uv": [1, 1, 7, 7], "rotation": 90, "texture": "#0"},
				"up": {"uv": [1, 7, 7, 9], "rotation": 90, "texture": "#0"},
				"down": {"uv": [1, 7, 7, 9], "rotation": 90, "texture": "#0"}
			}
		},
		{
			"name": "Papers",
			"from": [3, 0, 5.5],
			"to": [4, 1.5, 12.5],
			"rotation": {"angle": 0, "axis": "y", "origin": [-9, 0, -1.5]},
			"faces": {
				"north": {"uv": [1, 7, 7, 9], "rotation": 270, "texture": "#0"},
				"east": {"uv": [1, 1, 7, 7], "rotation": 90, "texture": "#0"},
				"south": {"uv": [1, 1, 7, 15], "rotation": 90, "texture": "#0"},
				"west": {"uv": [1, 1, 7, 7], "rotation": 90, "texture": "#0"},
				"up": {"uv": [1, 7, 7, 9], "rotation": 90, "texture": "#0"},
				"down": {"uv": [1, 7, 7, 9], "rotation": 90, "texture": "#0"}
			}
		},
		{
			"name": "Papers",
			"from": [1, 0, 5.5],
			"to": [2, 1.5, 12.5],
			"rotation": {"angle": 0, "axis": "y", "origin": [-11, 0, -1.5]},
			"faces": {
				"north": {"uv": [1, 7, 7, 9], "rotation": 270, "texture": "#0"},
				"east": {"uv": [1, 1, 7, 7], "rotation": 90, "texture": "#0"},
				"south": {"uv": [1, 1, 7, 15], "rotation": 90, "texture": "#0"},
				"west": {"uv": [1, 1, 7, 7], "rotation": 90, "texture": "#0"},
				"up": {"uv": [1, 7, 7, 9], "rotation": 90, "texture": "#0"},
				"down": {"uv": [1, 7, 7, 9], "rotation": 90, "texture": "#0"}
			}
		},
		{
			"name": "Papers",
			"from": [0.5, 0, 5.5],
			"to": [1, 1.5, 12.5],
			"rotation": {"angle": 0, "axis": "y", "origin": [-12, 0, -1.5]},
			"faces": {
				"north": {"uv": [1, 6, 7, 7], "rotation": 90, "texture": "#0"},
				"east": {"uv": [1, 6, 7, 7], "rotation": 90, "texture": "#0"},
				"south": {"uv": [1, 6, 7, 7], "rotation": 90, "texture": "#0"},
				"west": {"uv": [1, 6, 7, 7], "rotation": 90, "texture": "#0"},
				"up": {"uv": [1, 6, 7, 7], "rotation": 90, "texture": "#0"},
				"down": {"uv": [1, 6, 7, 7], "rotation": 90, "texture": "#0"}
			}
		},
		{
			"name": "Papers",
			"from": [0.5, 0, 13],
			"to": [1, 1.5, 16],
			"rotation": {"angle": 0, "axis": "y", "origin": [-12, 0, 6]},
			"faces": {
				"north": {"uv": [1, 6, 7, 7], "rotation": 90, "texture": "#0"},
				"east": {"uv": [1, 6, 7, 7], "rotation": 90, "texture": "#0"},
				"south": {"uv": [1, 6, 7, 7], "rotation": 90, "texture": "#0"},
				"west": {"uv": [1, 6, 7, 7], "rotation": 90, "texture": "#0"},
				"up": {"uv": [1, 6, 7, 7], "rotation": 90, "texture": "#0"},
				"down": {"uv": [1, 6, 7, 7], "rotation": 90, "texture": "#0"}
			}
		},
		{
			"name": "Papers",
			"from": [1, 0, 13],
			"to": [2, 1.5, 16],
			"rotation": {"angle": 0, "axis": "y", "origin": [-11, 0, 6]},
			"faces": {
				"north": {"uv": [1, 7, 7, 9], "rotation": 270, "texture": "#0"},
				"east": {"uv": [1, 7, 7, 9], "rotation": 90, "texture": "#0"},
				"south": {"uv": [1, 7, 7, 9], "rotation": 90, "texture": "#0"},
				"west": {"uv": [1, 7, 7, 9], "rotation": 90, "texture": "#0"},
				"up": {"uv": [1, 7, 7, 9], "rotation": 90, "texture": "#0"},
				"down": {"uv": [1, 7, 7, 9], "rotation": 90, "texture": "#0"}
			}
		},
		{
			"name": "Papers",
			"from": [3, 0, 13],
			"to": [4, 1.5, 16],
			"rotation": {"angle": 0, "axis": "y", "origin": [-9, 0, 6]},
			"faces": {
				"north": {"uv": [1, 7, 7, 9], "rotation": 270, "texture": "#0"},
				"east": {"uv": [1, 7, 7, 9], "rotation": 90, "texture": "#0"},
				"south": {"uv": [1, 7, 7, 9], "rotation": 90, "texture": "#0"},
				"west": {"uv": [1, 7, 7, 9], "rotation": 90, "texture": "#0"},
				"up": {"uv": [1, 7, 7, 9], "rotation": 90, "texture": "#0"},
				"down": {"uv": [1, 7, 7, 9], "rotation": 90, "texture": "#0"}
			}
		},
		{
			"name": "Papers",
			"from": [2, 0, 13],
			"to": [3, 1.5, 16],
			"rotation": {"angle": 0, "axis": "y", "origin": [-10, 0, 6]},
			"faces": {
				"north": {"uv": [1, 7, 7, 9], "rotation": 270, "texture": "#0"},
				"east": {"uv": [1, 7, 7, 9], "rotation": 90, "texture": "#0"},
				"south": {"uv": [1, 7, 7, 9], "rotation": 90, "texture": "#0"},
				"west": {"uv": [1, 7, 7, 9], "rotation": 90, "texture": "#0"},
				"up": {"uv": [1, 7, 7, 9], "rotation": 90, "texture": "#0"},
				"down": {"uv": [1, 7, 7, 9], "rotation": 90, "texture": "#0"}
			}
		},
		{
			"name": "Papers",
			"from": [7, 0, 13],
			"to": [8, 1.5, 16],
			"rotation": {"angle": 0, "axis": "y", "origin": [-5, 0, 6]},
			"faces": {
				"north": {"uv": [1, 7, 7, 9], "rotation": 270, "texture": "#0"},
				"east": {"uv": [1, 7, 7, 9], "rotation": 90, "texture": "#0"},
				"south": {"uv": [1, 7, 7, 9], "rotation": 90, "texture": "#0"},
				"west": {"uv": [1, 7, 7, 9], "rotation": 90, "texture": "#0"},
				"up": {"uv": [1, 7, 7, 9], "rotation": 90, "texture": "#0"},
				"down": {"uv": [1, 7, 7, 9], "rotation": 90, "texture": "#0"}
			}
		},
		{
			"name": "Papers",
			"from": [4, 0, 13],
			"to": [5, 1.5, 16],
			"rotation": {"angle": 0, "axis": "y", "origin": [-8, 0, 6]},
			"faces": {
				"north": {"uv": [1, 7, 7, 9], "rotation": 270, "texture": "#0"},
				"east": {"uv": [1, 7, 7, 9], "rotation": 90, "texture": "#0"},
				"south": {"uv": [1, 7, 7, 9], "rotation": 90, "texture": "#0"},
				"west": {"uv": [1, 7, 7, 9], "rotation": 90, "texture": "#0"},
				"up": {"uv": [1, 7, 7, 9], "rotation": 90, "texture": "#0"},
				"down": {"uv": [1, 7, 7, 9], "rotation": 90, "texture": "#0"}
			}
		},
		{
			"name": "Papers",
			"from": [5, 0, 13],
			"to": [6, 1.5, 16],
			"rotation": {"angle": 0, "axis": "y", "origin": [-7, 0, 6]},
			"faces": {
				"north": {"uv": [1, 7, 7, 9], "rotation": 270, "texture": "#0"},
				"east": {"uv": [1, 7, 7, 9], "rotation": 90, "texture": "#0"},
				"south": {"uv": [1, 7, 7, 9], "rotation": 90, "texture": "#0"},
				"west": {"uv": [1, 7, 7, 9], "rotation": 90, "texture": "#0"},
				"up": {"uv": [1, 7, 7, 9], "rotation": 90, "texture": "#0"},
				"down": {"uv": [1, 7, 7, 9], "rotation": 90, "texture": "#0"}
			}
		},
		{
			"name": "Papers",
			"from": [6, 0, 13],
			"to": [7, 1.5, 16],
			"rotation": {"angle": 0, "axis": "y", "origin": [-6, 0, 6]},
			"faces": {
				"north": {"uv": [1, 7, 7, 9], "rotation": 270, "texture": "#0"},
				"east": {"uv": [1, 7, 7, 9], "rotation": 90, "texture": "#0"},
				"south": {"uv": [1, 7, 7, 9], "rotation": 90, "texture": "#0"},
				"west": {"uv": [1, 7, 7, 9], "rotation": 90, "texture": "#0"},
				"up": {"uv": [1, 7, 7, 9], "rotation": 90, "texture": "#0"},
				"down": {"uv": [1, 7, 7, 9], "rotation": 90, "texture": "#0"}
			}
		},
		{
			"name": "Papers",
			"from": [8, 0, 13],
			"to": [9, 1.5, 16],
			"rotation": {"angle": 0, "axis": "y", "origin": [-4, 0, 6]},
			"faces": {
				"north": {"uv": [1, 7, 7, 9], "rotation": 270, "texture": "#0"},
				"east": {"uv": [1, 7, 7, 9], "rotation": 90, "texture": "#0"},
				"south": {"uv": [1, 7, 7, 9], "rotation": 90, "texture": "#0"},
				"west": {"uv": [1, 7, 7, 9], "rotation": 90, "texture": "#0"},
				"up": {"uv": [1, 7, 7, 9], "rotation": 90, "texture": "#0"},
				"down": {"uv": [1, 7, 7, 9], "rotation": 90, "texture": "#0"}
			}
		},
		{
			"name": "Papers",
			"from": [9, 0, 13],
			"to": [10, 1.5, 16],
			"rotation": {"angle": 0, "axis": "y", "origin": [-3, 0, 6]},
			"faces": {
				"north": {"uv": [1, 7, 7, 9], "rotation": 270, "texture": "#0"},
				"east": {"uv": [1, 7, 7, 9], "rotation": 90, "texture": "#0"},
				"south": {"uv": [1, 7, 7, 9], "rotation": 90, "texture": "#0"},
				"west": {"uv": [1, 7, 7, 9], "rotation": 90, "texture": "#0"},
				"up": {"uv": [1, 7, 7, 9], "rotation": 90, "texture": "#0"},
				"down": {"uv": [1, 7, 7, 9], "rotation": 90, "texture": "#0"}
			}
		},
		{
			"name": "Papers",
			"from": [11, 0, 13],
			"to": [12, 1.5, 16],
			"rotation": {"angle": 0, "axis": "y", "origin": [-1, 0, 6]},
			"faces": {
				"north": {"uv": [1, 7, 7, 9], "rotation": 270, "texture": "#0"},
				"east": {"uv": [1, 7, 7, 9], "rotation": 90, "texture": "#0"},
				"south": {"uv": [1, 7, 7, 9], "rotation": 90, "texture": "#0"},
				"west": {"uv": [1, 7, 7, 9], "rotation": 90, "texture": "#0"},
				"up": {"uv": [1, 7, 7, 9], "rotation": 90, "texture": "#0"},
				"down": {"uv": [1, 7, 7, 9], "rotation": 90, "texture": "#0"}
			}
		},
		{
			"name": "Papers",
			"from": [10, 0, 13],
			"to": [11, 1.5, 16],
			"rotation": {"angle": 0, "axis": "y", "origin": [-2, 0, 6]},
			"faces": {
				"north": {"uv": [1, 7, 7, 9], "rotation": 270, "texture": "#0"},
				"east": {"uv": [1, 7, 7, 9], "rotation": 90, "texture": "#0"},
				"south": {"uv": [1, 7, 7, 9], "rotation": 90, "texture": "#0"},
				"west": {"uv": [1, 7, 7, 9], "rotation": 90, "texture": "#0"},
				"up": {"uv": [1, 7, 7, 9], "rotation": 90, "texture": "#0"},
				"down": {"uv": [1, 7, 7, 9], "rotation": 90, "texture": "#0"}
			}
		},
		{
			"name": "Papers",
			"from": [12, 0, 13],
			"to": [13, 1.5, 16],
			"rotation": {"angle": 0, "axis": "y", "origin": [0, 0, 6]},
			"faces": {
				"north": {"uv": [1, 7, 7, 9], "rotation": 270, "texture": "#0"},
				"east": {"uv": [1, 7, 7, 9], "rotation": 90, "texture": "#0"},
				"south": {"uv": [1, 7, 7, 9], "rotation": 90, "texture": "#0"},
				"west": {"uv": [1, 7, 7, 9], "rotation": 90, "texture": "#0"},
				"up": {"uv": [1, 7, 7, 9], "rotation": 90, "texture": "#0"},
				"down": {"uv": [1, 7, 7, 9], "rotation": 90, "texture": "#0"}
			}
		},
		{
			"name": "Papers",
			"from": [13, 0, 13],
			"to": [14, 1.5, 16],
			"rotation": {"angle": 0, "axis": "y", "origin": [1, 0, 6]},
			"faces": {
				"north": {"uv": [1, 7, 7, 9], "rotation": 270, "texture": "#0"},
				"east": {"uv": [1, 7, 7, 9], "rotation": 90, "texture": "#0"},
				"south": {"uv": [1, 7, 7, 9], "rotation": 90, "texture": "#0"},
				"west": {"uv": [1, 7, 7, 9], "rotation": 90, "texture": "#0"},
				"up": {"uv": [1, 7, 7, 9], "rotation": 90, "texture": "#0"},
				"down": {"uv": [1, 7, 7, 9], "rotation": 90, "texture": "#0"}
			}
		},
		{
			"name": "Papers",
			"from": [14, 0, 13],
			"to": [15, 1.5, 16],
			"rotation": {"angle": 0, "axis": "y", "origin": [2, 0, 6]},
			"faces": {
				"north": {"uv": [1, 7, 7, 9], "rotation": 270, "texture": "#0"},
				"east": {"uv": [1, 7, 7, 9], "rotation": 90, "texture": "#0"},
				"south": {"uv": [1, 7, 7, 9], "rotation": 90, "texture": "#0"},
				"west": {"uv": [1, 7, 7, 9], "rotation": 90, "texture": "#0"},
				"up": {"uv": [1, 7, 7, 9], "rotation": 90, "texture": "#0"},
				"down": {"uv": [1, 7, 7, 9], "rotation": 90, "texture": "#0"}
			}
		},
		{
			"name": "Papers",
			"from": [15, 0, 13],
			"to": [16, 1.5, 16],
			"rotation": {"angle": 0, "axis": "y", "origin": [3, 0, 6]},
			"faces": {
				"north": {"uv": [1, 7, 7, 9], "rotation": 270, "texture": "#0"},
				"east": {"uv": [1, 6, 7, 7], "rotation": 90, "texture": "#0"},
				"south": {"uv": [1, 7, 7, 9], "rotation": 90, "texture": "#0"},
				"west": {"uv": [1, 7, 7, 9], "rotation": 90, "texture": "#0"},
				"up": {"uv": [1, 7, 7, 9], "rotation": 90, "texture": "#0"},
				"down": {"uv": [1, 7, 7, 9], "rotation": 90, "texture": "#0"}
			}
		},
		{
			"name": "Rubber",
			"from": [0, 0, 0],
			"to": [2, 2, 2],
			"rotation": {"angle": -22.5, "axis": "y", "origin": [6.625, 1, 1]},
			"faces": {
				"north": {"uv": [9, 9, 15, 15], "texture": "#0"},
				"east": {"uv": [9, 9, 15, 15], "texture": "#0"},
				"south": {"uv": [9, 9, 15, 15], "texture": "#0"},
				"west": {"uv": [9, 9, 15, 15], "texture": "#0"},
				"up": {"uv": [9, 9, 15, 15], "texture": "#0"},
				"down": {"uv": [9, 9, 15, 15], "texture": "#0"}
			}
		},
		{
			"name": "Metal",
			"from": [2, 0, 0],
			"to": [3.5, 2, 2],
			"rotation": {"angle": -22.5, "axis": "y", "origin": [6.625, 1, 1]},
			"faces": {
				"north": {"uv": [1, 9, 7, 15], "texture": "#0"},
				"east": {"uv": [1, 9, 7, 15], "texture": "#0"},
				"south": {"uv": [1, 9, 7, 15], "texture": "#0"},
				"west": {"uv": [1, 9, 7, 15], "texture": "#0"},
				"up": {"uv": [1, 9, 7, 15], "texture": "#0"},
				"down": {"uv": [1, 9, 7, 15], "texture": "#0"}
			}
		},
		{
			"name": "Wood",
			"from": [3.5, 0, 0],
			"to": [11.5, 2, 2],
			"rotation": {"angle": -22.5, "axis": "y", "origin": [6.625, 1, 1]},
			"faces": {
				"north": {"uv": [1, 1, 7, 3], "texture": "#0"},
				"east": {"uv": [1, 1, 7, 3], "texture": "#0"},
				"south": {"uv": [1, 1, 7, 3], "texture": "#0"},
				"west": {"uv": [1, 1, 7, 3], "texture": "#0"},
				"up": {"uv": [1, 1, 7, 3], "texture": "#0"},
				"down": {"uv": [1, 1, 7, 3], "texture": "#0"}
			}
		},
		{
			"name": "Grafite",
			"from": [11.5, 0.5, 0.5],
			"to": [13, 1.5, 1.5],
			"rotation": {"angle": -22.5, "axis": "y", "origin": [6.625, 1, 1]},
			"faces": {
				"north": {"uv": [9, 1, 15, 7], "texture": "#0"},
				"east": {"uv": [9, 1, 15, 7], "texture": "#0"},
				"south": {"uv": [9, 1, 15, 7], "texture": "#0"},
				"west": {"uv": [9, 1, 15, 7], "texture": "#0"},
				"up": {"uv": [9, 1, 15, 7], "texture": "#0"},
				"down": {"uv": [9, 1, 15, 7], "texture": "#0"}
			}
		}
	],
	"display": {
		"thirdperson_righthand": {
			"rotation": [180, -100, 180],
			"translation": [-1.25, 2.25, -1.25],
			"scale": [0.5, 0.5, 0.5]
		},
		"firstperson_righthand": {
			"rotation": [0, -90, -45],
			"translation": [4.75, 4.5, 0],
			"scale": [0.75, 0.75, 0.75]
		},
		"ground": {
			"translation": [0, 5, 0]
		},
		"gui": {
			"rotation": [90, -90, 0],
			"translation": [0, 5, 0]
		},
		"fixed": {
			"rotation": [90, 0, 0],
			"translation": [0, 0, 6.5]
		}
	},
	"groups": [
		0,
		{
			"name": "Rings",
			"origin": [8, 8, 8],
			"color": 0,
			"children": [1, 2, 3, 4, 5, 6, 7, 8, 9, 10, 11, 12, 13, 14, 15]
		},
		{
			"name": "Stripes",
			"origin": [8, 8, 8],
			"color": 0,
			"children": [16, 17, 18, 19, 20, 21, 22, 23, 24, 25, 26, 27, 28, 29, 30, 31, 32, 33, 34, 35, 36, 37, 38, 39, 40, 41, 42, 43, 44, 45, 46, 47]
		},
		{
			"name": "Pencil",
			"origin": [8, 8, 8],
			"color": 0,
			"children": [48, 49, 50, 51]
		}
	]
}