{
	"credit": "Made with Blockbench",
	"textures": {
		"0": "item/phantom_membrane",
		"particle": "item/phantom_membrane"
	},
	"elements": [
		{
			"from": [-0.5, 0, 0],
			"to": [16.5, 17, 1],
			"faces": {
				"north": {"uv": [0, 0, 16, 16], "texture": "#0"},
				"east": {"uv": [0, 0, 1, 16], "texture": "#0"},
				"south": {"uv": [0, 0, 16, 16], "texture": "#0"},
				"west": {"uv": [0, 0, 1, 16], "texture": "#0"},
				"up": {"uv": [0, 0, 16, 1], "texture": "#0"},
				"down": {"uv": [0, 0, 16, 1], "texture": "#0"}
			}
		},
		{
			"from": [-0.5, 0, 15],
			"to": [16.5, 17, 16],
			"rotation": {"angle": 0, "axis": "y", "origin": [0, 0, 14]},
			"faces": {
				"north": {"uv": [0, 0, 16, 16], "texture": "#0"},
				"east": {"uv": [0, 0, 1, 16], "texture": "#0"},
				"south": {"uv": [0, 0, 16, 16], "texture": "#0"},
				"west": {"uv": [0, 0, 1, 16], "texture": "#0"},
				"up": {"uv": [0, 0, 16, 1], "texture": "#0"},
				"down": {"uv": [0, 0, 16, 1], "texture": "#0"}
			}
		},
		{
			"from": [-0.5, 0, 1],
			"to": [16.5, 1, 15],
			"rotation": {"angle": 0, "axis": "y", "origin": [0, 0, 12]},
			"faces": {
				"north": {"uv": [0, 0, 16, 1], "texture": "#0"},
				"east": {"uv": [0, 0, 14, 1], "texture": "#0"},
				"south": {"uv": [0, 0, 16, 1], "texture": "#0"},
				"west": {"uv": [0, 0, 14, 1], "texture": "#0"},
				"up": {"uv": [0, 0, 16, 14], "texture": "#0"},
				"down": {"uv": [0, 0, 16, 14], "texture": "#0"}
			}
		},
		{
			"from": [-0.5, 16, 1],
			"to": [16.5, 17, 15],
			"rotation": {"angle": 0, "axis": "y", "origin": [0, 15, 12]},
			"faces": {
				"north": {"uv": [0, 0, 16, 1], "texture": "#0"},
				"east": {"uv": [0, 0, 14, 1], "texture": "#0"},
				"south": {"uv": [0, 0, 16, 1], "texture": "#0"},
				"west": {"uv": [0, 0, 14, 1], "texture": "#0"},
				"up": {"uv": [0, 0, 16, 14], "texture": "#0"},
				"down": {"uv": [0, 0, 16, 14], "texture": "#0"}
			}
		}
	],
	"display": {
		"fixed": {
			"rotation": [0, 90, 0],
			"translation": [0, -1, 50],
			"scale": [2, 1.9, 2]
		}
	}
}