{
	"credit": "Made with Blockbench",
	"textures": {
		"0": "item/popped_chorus_fruit",
		"1": "item/popped_chorus_fruit_screen",
		"particle": "item/popped_chorus_fruit"
	},
	"elements": [
		{
			"from": [1.5, 5.25, -1],
			"to": [11, 6, 17],
			"rotation": {"angle": 0, "axis": "y", "origin": [9.5, 5, 0]},
			"faces": {
				"north": {"uv": [1, 1, 7, 7], "texture": "#0"},
				"east": {"uv": [1, 1, 7, 7], "texture": "#0"},
				"south": {"uv": [1, 1, 7, 7], "texture": "#0"},
				"west": {"uv": [1, 1, 7, 7], "texture": "#0"},
				"up": {"uv": [1, 1, 7, 7], "texture": "#0"},
				"down": {"uv": [1, 1, 7, 7], "texture": "#0"}
			}
		},
		{
			"from": [1.75, 5.75, 6],
			"to": [4.25, 6.25, 10],
			"rotation": {"angle": 0, "axis": "y", "origin": [9.75, 6.75, 0]},
			"faces": {
				"north": {"uv": [1, 9, 7, 15], "texture": "#0"},
				"east": {"uv": [1, 9, 7, 15], "texture": "#0"},
				"south": {"uv": [1, 9, 7, 15], "texture": "#0"},
				"west": {"uv": [1, 9, 7, 15], "texture": "#0"},
				"up": {"uv": [1, 9, 7, 15], "texture": "#0"},
				"down": {"uv": [1, 9, 7, 15], "texture": "#0"}
			}
		},
		{
			"from": [9, 5.25, 0.5],
			"to": [9.5, 6.25, 1],
			"rotation": {"angle": 0, "axis": "y", "origin": [8.5, 5.25, 0.5]},
			"faces": {
				"north": {"uv": [9, 1, 15, 7], "texture": "#0"},
				"east": {"uv": [9, 1, 15, 7], "texture": "#0"},
				"south": {"uv": [9, 1, 15, 7], "texture": "#0"},
				"west": {"uv": [9, 1, 15, 7], "texture": "#0"},
				"up": {"uv": [9, 1, 15, 7], "texture": "#0"},
				"down": {"uv": [9, 1, 15, 7], "texture": "#0"}
			}
		},
		{
			"from": [9, 5.25, 1.5],
			"to": [9.5, 6.25, 2],
			"rotation": {"angle": 0, "axis": "y", "origin": [8.5, 5.25, 1.5]},
			"faces": {
				"north": {"uv": [9, 1, 15, 7], "texture": "#0"},
				"east": {"uv": [9, 1, 15, 7], "texture": "#0"},
				"south": {"uv": [9, 1, 15, 7], "texture": "#0"},
				"west": {"uv": [9, 1, 15, 7], "texture": "#0"},
				"up": {"uv": [9, 1, 15, 7], "texture": "#0"},
				"down": {"uv": [9, 1, 15, 7], "texture": "#0"}
			}
		},
		{
			"from": [8, 5.25, 0.5],
			"to": [8.5, 6.25, 1],
			"rotation": {"angle": 0, "axis": "y", "origin": [7.5, 5.25, 0.5]},
			"faces": {
				"north": {"uv": [9, 1, 15, 7], "texture": "#0"},
				"east": {"uv": [9, 1, 15, 7], "texture": "#0"},
				"south": {"uv": [9, 1, 15, 7], "texture": "#0"},
				"west": {"uv": [9, 1, 15, 7], "texture": "#0"},
				"up": {"uv": [9, 1, 15, 7], "texture": "#0"},
				"down": {"uv": [9, 1, 15, 7], "texture": "#0"}
			}
		},
		{
			"from": [8, 5.25, 1.5],
			"to": [8.5, 6.25, 2],
			"rotation": {"angle": 0, "axis": "y", "origin": [7.5, 5.25, 1.5]},
			"faces": {
				"north": {"uv": [9, 1, 15, 7], "texture": "#0"},
				"east": {"uv": [9, 1, 15, 7], "texture": "#0"},
				"south": {"uv": [9, 1, 15, 7], "texture": "#0"},
				"west": {"uv": [9, 1, 15, 7], "texture": "#0"},
				"up": {"uv": [9, 1, 15, 7], "texture": "#0"},
				"down": {"uv": [9, 1, 15, 7], "texture": "#0"}
			}
		},
		{
			"from": [9, 5.25, 2.5],
			"to": [9.5, 6.25, 3],
			"rotation": {"angle": 0, "axis": "y", "origin": [8.5, 5.25, 2.5]},
			"faces": {
				"north": {"uv": [9, 1, 15, 7], "texture": "#0"},
				"east": {"uv": [9, 1, 15, 7], "texture": "#0"},
				"south": {"uv": [9, 1, 15, 7], "texture": "#0"},
				"west": {"uv": [9, 1, 15, 7], "texture": "#0"},
				"up": {"uv": [9, 1, 15, 7], "texture": "#0"},
				"down": {"uv": [9, 1, 15, 7], "texture": "#0"}
			}
		},
		{
			"from": [9, 5.25, 3.5],
			"to": [9.5, 6.25, 4],
			"rotation": {"angle": 0, "axis": "y", "origin": [8.5, 5.25, 3.5]},
			"faces": {
				"north": {"uv": [9, 1, 15, 7], "texture": "#0"},
				"east": {"uv": [9, 1, 15, 7], "texture": "#0"},
				"south": {"uv": [9, 1, 15, 7], "texture": "#0"},
				"west": {"uv": [9, 1, 15, 7], "texture": "#0"},
				"up": {"uv": [9, 1, 15, 7], "texture": "#0"},
				"down": {"uv": [9, 1, 15, 7], "texture": "#0"}
			}
		},
		{
			"from": [8, 5.25, 2.5],
			"to": [8.5, 6.25, 3],
			"rotation": {"angle": 0, "axis": "y", "origin": [7.5, 5.25, 2.5]},
			"faces": {
				"north": {"uv": [9, 1, 15, 7], "texture": "#0"},
				"east": {"uv": [9, 1, 15, 7], "texture": "#0"},
				"south": {"uv": [9, 1, 15, 7], "texture": "#0"},
				"west": {"uv": [9, 1, 15, 7], "texture": "#0"},
				"up": {"uv": [9, 1, 15, 7], "texture": "#0"},
				"down": {"uv": [9, 1, 15, 7], "texture": "#0"}
			}
		},
		{
			"from": [8, 5.25, 3.5],
			"to": [8.5, 6.25, 4],
			"rotation": {"angle": 0, "axis": "y", "origin": [7.5, 5.25, 3.5]},
			"faces": {
				"north": {"uv": [9, 1, 15, 7], "texture": "#0"},
				"east": {"uv": [9, 1, 15, 7], "texture": "#0"},
				"south": {"uv": [9, 1, 15, 7], "texture": "#0"},
				"west": {"uv": [9, 1, 15, 7], "texture": "#0"},
				"up": {"uv": [9, 1, 15, 7], "texture": "#0"},
				"down": {"uv": [9, 1, 15, 7], "texture": "#0"}
			}
		},
		{
			"from": [9, 5.25, 4.5],
			"to": [9.5, 6.25, 5],
			"rotation": {"angle": 0, "axis": "y", "origin": [8.5, 5.25, 4.5]},
			"faces": {
				"north": {"uv": [9, 1, 15, 7], "texture": "#0"},
				"east": {"uv": [9, 1, 15, 7], "texture": "#0"},
				"south": {"uv": [9, 1, 15, 7], "texture": "#0"},
				"west": {"uv": [9, 1, 15, 7], "texture": "#0"},
				"up": {"uv": [9, 1, 15, 7], "texture": "#0"},
				"down": {"uv": [9, 1, 15, 7], "texture": "#0"}
			}
		},
		{
			"from": [9, 5.25, 5.5],
			"to": [9.5, 6.25, 6],
			"rotation": {"angle": 0, "axis": "y", "origin": [8.5, 5.25, 5.5]},
			"faces": {
				"north": {"uv": [9, 1, 15, 7], "texture": "#0"},
				"east": {"uv": [9, 1, 15, 7], "texture": "#0"},
				"south": {"uv": [9, 1, 15, 7], "texture": "#0"},
				"west": {"uv": [9, 1, 15, 7], "texture": "#0"},
				"up": {"uv": [9, 1, 15, 7], "texture": "#0"},
				"down": {"uv": [9, 1, 15, 7], "texture": "#0"}
			}
		},
		{
			"from": [8, 5.25, 4.5],
			"to": [8.5, 6.25, 5],
			"rotation": {"angle": 0, "axis": "y", "origin": [7.5, 5.25, 4.5]},
			"faces": {
				"north": {"uv": [9, 1, 15, 7], "texture": "#0"},
				"east": {"uv": [9, 1, 15, 7], "texture": "#0"},
				"south": {"uv": [9, 1, 15, 7], "texture": "#0"},
				"west": {"uv": [9, 1, 15, 7], "texture": "#0"},
				"up": {"uv": [9, 1, 15, 7], "texture": "#0"},
				"down": {"uv": [9, 1, 15, 7], "texture": "#0"}
			}
		},
		{
			"from": [8, 5.25, 5.5],
			"to": [8.5, 6.25, 6],
			"rotation": {"angle": 0, "axis": "y", "origin": [7.5, 5.25, 5.5]},
			"faces": {
				"north": {"uv": [9, 1, 15, 7], "texture": "#0"},
				"east": {"uv": [9, 1, 15, 7], "texture": "#0"},
				"south": {"uv": [9, 1, 15, 7], "texture": "#0"},
				"west": {"uv": [9, 1, 15, 7], "texture": "#0"},
				"up": {"uv": [9, 1, 15, 7], "texture": "#0"},
				"down": {"uv": [9, 1, 15, 7], "texture": "#0"}
			}
		},
		{
			"from": [9, 5.25, 6.5],
			"to": [9.5, 6.25, 7],
			"rotation": {"angle": 0, "axis": "y", "origin": [8.5, 5.25, 6.5]},
			"faces": {
				"north": {"uv": [9, 1, 15, 7], "texture": "#0"},
				"east": {"uv": [9, 1, 15, 7], "texture": "#0"},
				"south": {"uv": [9, 1, 15, 7], "texture": "#0"},
				"west": {"uv": [9, 1, 15, 7], "texture": "#0"},
				"up": {"uv": [9, 1, 15, 7], "texture": "#0"},
				"down": {"uv": [9, 1, 15, 7], "texture": "#0"}
			}
		},
		{
			"from": [9, 5.25, 7.5],
			"to": [9.5, 6.25, 8],
			"rotation": {"angle": 0, "axis": "y", "origin": [8.5, 5.25, 7.5]},
			"faces": {
				"north": {"uv": [9, 1, 15, 7], "texture": "#0"},
				"east": {"uv": [9, 1, 15, 7], "texture": "#0"},
				"south": {"uv": [9, 1, 15, 7], "texture": "#0"},
				"west": {"uv": [9, 1, 15, 7], "texture": "#0"},
				"up": {"uv": [9, 1, 15, 7], "texture": "#0"},
				"down": {"uv": [9, 1, 15, 7], "texture": "#0"}
			}
		},
		{
			"from": [8, 5.25, 6.5],
			"to": [8.5, 6.25, 7],
			"rotation": {"angle": 0, "axis": "y", "origin": [7.5, 5.25, 6.5]},
			"faces": {
				"north": {"uv": [9, 1, 15, 7], "texture": "#0"},
				"east": {"uv": [9, 1, 15, 7], "texture": "#0"},
				"south": {"uv": [9, 1, 15, 7], "texture": "#0"},
				"west": {"uv": [9, 1, 15, 7], "texture": "#0"},
				"up": {"uv": [9, 1, 15, 7], "texture": "#0"},
				"down": {"uv": [9, 1, 15, 7], "texture": "#0"}
			}
		},
		{
			"from": [8, 5.25, 7.5],
			"to": [8.5, 6.25, 8],
			"rotation": {"angle": 0, "axis": "y", "origin": [7.5, 5.25, 7.5]},
			"faces": {
				"north": {"uv": [9, 1, 15, 7], "texture": "#0"},
				"east": {"uv": [9, 1, 15, 7], "texture": "#0"},
				"south": {"uv": [9, 1, 15, 7], "texture": "#0"},
				"west": {"uv": [9, 1, 15, 7], "texture": "#0"},
				"up": {"uv": [9, 1, 15, 7], "texture": "#0"},
				"down": {"uv": [9, 1, 15, 7], "texture": "#0"}
			}
		},
		{
			"from": [9, 5.25, 8.5],
			"to": [9.5, 6.25, 9],
			"rotation": {"angle": 0, "axis": "y", "origin": [8.5, 5.25, 8.5]},
			"faces": {
				"north": {"uv": [9, 1, 15, 7], "texture": "#0"},
				"east": {"uv": [9, 1, 15, 7], "texture": "#0"},
				"south": {"uv": [9, 1, 15, 7], "texture": "#0"},
				"west": {"uv": [9, 1, 15, 7], "texture": "#0"},
				"up": {"uv": [9, 1, 15, 7], "texture": "#0"},
				"down": {"uv": [9, 1, 15, 7], "texture": "#0"}
			}
		},
		{
			"from": [9, 5.25, 9.5],
			"to": [9.5, 6.25, 10],
			"rotation": {"angle": 0, "axis": "y", "origin": [8.5, 5.25, 9.5]},
			"faces": {
				"north": {"uv": [9, 1, 15, 7], "texture": "#0"},
				"east": {"uv": [9, 1, 15, 7], "texture": "#0"},
				"south": {"uv": [9, 1, 15, 7], "texture": "#0"},
				"west": {"uv": [9, 1, 15, 7], "texture": "#0"},
				"up": {"uv": [9, 1, 15, 7], "texture": "#0"},
				"down": {"uv": [9, 1, 15, 7], "texture": "#0"}
			}
		},
		{
			"from": [8, 5.25, 8.5],
			"to": [8.5, 6.25, 9],
			"rotation": {"angle": 0, "axis": "y", "origin": [7.5, 5.25, 8.5]},
			"faces": {
				"north": {"uv": [9, 1, 15, 7], "texture": "#0"},
				"east": {"uv": [9, 1, 15, 7], "texture": "#0"},
				"south": {"uv": [9, 1, 15, 7], "texture": "#0"},
				"west": {"uv": [9, 1, 15, 7], "texture": "#0"},
				"up": {"uv": [9, 1, 15, 7], "texture": "#0"},
				"down": {"uv": [9, 1, 15, 7], "texture": "#0"}
			}
		},
		{
			"from": [8, 5.25, 9.5],
			"to": [8.5, 6.25, 10],
			"rotation": {"angle": 0, "axis": "y", "origin": [7.5, 5.25, 9.5]},
			"faces": {
				"north": {"uv": [9, 1, 15, 7], "texture": "#0"},
				"east": {"uv": [9, 1, 15, 7], "texture": "#0"},
				"south": {"uv": [9, 1, 15, 7], "texture": "#0"},
				"west": {"uv": [9, 1, 15, 7], "texture": "#0"},
				"up": {"uv": [9, 1, 15, 7], "texture": "#0"},
				"down": {"uv": [9, 1, 15, 7], "texture": "#0"}
			}
		},
		{
			"from": [9, 5.25, 10.5],
			"to": [9.5, 6.25, 11],
			"rotation": {"angle": 0, "axis": "y", "origin": [8.5, 5.25, 10.5]},
			"faces": {
				"north": {"uv": [9, 1, 15, 7], "texture": "#0"},
				"east": {"uv": [9, 1, 15, 7], "texture": "#0"},
				"south": {"uv": [9, 1, 15, 7], "texture": "#0"},
				"west": {"uv": [9, 1, 15, 7], "texture": "#0"},
				"up": {"uv": [9, 1, 15, 7], "texture": "#0"},
				"down": {"uv": [9, 1, 15, 7], "texture": "#0"}
			}
		},
		{
			"from": [9, 5.25, 11.5],
			"to": [9.5, 6.25, 12],
			"rotation": {"angle": 0, "axis": "y", "origin": [8.5, 5.25, 11.5]},
			"faces": {
				"north": {"uv": [9, 1, 15, 7], "texture": "#0"},
				"east": {"uv": [9, 1, 15, 7], "texture": "#0"},
				"south": {"uv": [9, 1, 15, 7], "texture": "#0"},
				"west": {"uv": [9, 1, 15, 7], "texture": "#0"},
				"up": {"uv": [9, 1, 15, 7], "texture": "#0"},
				"down": {"uv": [9, 1, 15, 7], "texture": "#0"}
			}
		},
		{
			"from": [8, 5.25, 10.5],
			"to": [8.5, 6.25, 11],
			"rotation": {"angle": 0, "axis": "y", "origin": [7.5, 5.25, 10.5]},
			"faces": {
				"north": {"uv": [9, 1, 15, 7], "texture": "#0"},
				"east": {"uv": [9, 1, 15, 7], "texture": "#0"},
				"south": {"uv": [9, 1, 15, 7], "texture": "#0"},
				"west": {"uv": [9, 1, 15, 7], "texture": "#0"},
				"up": {"uv": [9, 1, 15, 7], "texture": "#0"},
				"down": {"uv": [9, 1, 15, 7], "texture": "#0"}
			}
		},
		{
			"from": [8, 5.25, 11.5],
			"to": [8.5, 6.25, 12],
			"rotation": {"angle": 0, "axis": "y", "origin": [7.5, 5.25, 11.5]},
			"faces": {
				"north": {"uv": [9, 1, 15, 7], "texture": "#0"},
				"east": {"uv": [9, 1, 15, 7], "texture": "#0"},
				"south": {"uv": [9, 1, 15, 7], "texture": "#0"},
				"west": {"uv": [9, 1, 15, 7], "texture": "#0"},
				"up": {"uv": [9, 1, 15, 7], "texture": "#0"},
				"down": {"uv": [9, 1, 15, 7], "texture": "#0"}
			}
		},
		{
			"from": [9, 5.25, 13.5],
			"to": [9.5, 6.25, 14],
			"rotation": {"angle": 0, "axis": "y", "origin": [8.5, 5.25, 13.5]},
			"faces": {
				"north": {"uv": [9, 1, 15, 7], "texture": "#0"},
				"east": {"uv": [9, 1, 15, 7], "texture": "#0"},
				"south": {"uv": [9, 1, 15, 7], "texture": "#0"},
				"west": {"uv": [9, 1, 15, 7], "texture": "#0"},
				"up": {"uv": [9, 1, 15, 7], "texture": "#0"},
				"down": {"uv": [9, 1, 15, 7], "texture": "#0"}
			}
		},
		{
			"from": [8, 5.25, 13.5],
			"to": [8.5, 6.25, 14],
			"rotation": {"angle": 0, "axis": "y", "origin": [7.5, 5.25, 13.5]},
			"faces": {
				"north": {"uv": [9, 1, 15, 7], "texture": "#0"},
				"east": {"uv": [9, 1, 15, 7], "texture": "#0"},
				"south": {"uv": [9, 1, 15, 7], "texture": "#0"},
				"west": {"uv": [9, 1, 15, 7], "texture": "#0"},
				"up": {"uv": [9, 1, 15, 7], "texture": "#0"},
				"down": {"uv": [9, 1, 15, 7], "texture": "#0"}
			}
		},
		{
			"from": [9, 5.25, 14.5],
			"to": [9.5, 6.25, 15],
			"rotation": {"angle": 0, "axis": "y", "origin": [8.5, 5.25, 14.5]},
			"faces": {
				"north": {"uv": [9, 1, 15, 7], "texture": "#0"},
				"east": {"uv": [9, 1, 15, 7], "texture": "#0"},
				"south": {"uv": [9, 1, 15, 7], "texture": "#0"},
				"west": {"uv": [9, 1, 15, 7], "texture": "#0"},
				"up": {"uv": [9, 1, 15, 7], "texture": "#0"},
				"down": {"uv": [9, 1, 15, 7], "texture": "#0"}
			}
		},
		{
			"from": [9, 5.25, 15.5],
			"to": [9.5, 6.25, 16],
			"rotation": {"angle": 0, "axis": "y", "origin": [8.5, 5.25, 15.5]},
			"faces": {
				"north": {"uv": [9, 1, 15, 7], "texture": "#0"},
				"east": {"uv": [9, 1, 15, 7], "texture": "#0"},
				"south": {"uv": [9, 1, 15, 7], "texture": "#0"},
				"west": {"uv": [9, 1, 15, 7], "texture": "#0"},
				"up": {"uv": [9, 1, 15, 7], "texture": "#0"},
				"down": {"uv": [9, 1, 15, 7], "texture": "#0"}
			}
		},
		{
			"from": [8, 5.25, 14.5],
			"to": [8.5, 6.25, 15],
			"rotation": {"angle": 0, "axis": "y", "origin": [7.5, 5.25, 14.5]},
			"faces": {
				"north": {"uv": [9, 1, 15, 7], "texture": "#0"},
				"east": {"uv": [9, 1, 15, 7], "texture": "#0"},
				"south": {"uv": [9, 1, 15, 7], "texture": "#0"},
				"west": {"uv": [9, 1, 15, 7], "texture": "#0"},
				"up": {"uv": [9, 1, 15, 7], "texture": "#0"},
				"down": {"uv": [9, 1, 15, 7], "texture": "#0"}
			}
		},
		{
			"from": [8, 5.25, 15.5],
			"to": [8.5, 6.25, 16],
			"rotation": {"angle": 0, "axis": "y", "origin": [7.5, 5.25, 15.5]},
			"faces": {
				"north": {"uv": [9, 1, 15, 7], "texture": "#0"},
				"east": {"uv": [9, 1, 15, 7], "texture": "#0"},
				"south": {"uv": [9, 1, 15, 7], "texture": "#0"},
				"west": {"uv": [9, 1, 15, 7], "texture": "#0"},
				"up": {"uv": [9, 1, 15, 7], "texture": "#0"},
				"down": {"uv": [9, 1, 15, 7], "texture": "#0"}
			}
		},
		{
			"from": [7, 5.25, 0.5],
			"to": [7.5, 6.25, 1],
			"rotation": {"angle": 0, "axis": "y", "origin": [6.5, 5.25, 0.5]},
			"faces": {
				"north": {"uv": [9, 1, 15, 7], "texture": "#0"},
				"east": {"uv": [9, 1, 15, 7], "texture": "#0"},
				"south": {"uv": [9, 1, 15, 7], "texture": "#0"},
				"west": {"uv": [9, 1, 15, 7], "texture": "#0"},
				"up": {"uv": [9, 1, 15, 7], "texture": "#0"},
				"down": {"uv": [9, 1, 15, 7], "texture": "#0"}
			}
		},
		{
			"from": [7, 5.25, 1.5],
			"to": [7.5, 6.25, 2],
			"rotation": {"angle": 0, "axis": "y", "origin": [6.5, 5.25, 1.5]},
			"faces": {
				"north": {"uv": [9, 1, 15, 7], "texture": "#0"},
				"east": {"uv": [9, 1, 15, 7], "texture": "#0"},
				"south": {"uv": [9, 1, 15, 7], "texture": "#0"},
				"west": {"uv": [9, 1, 15, 7], "texture": "#0"},
				"up": {"uv": [9, 1, 15, 7], "texture": "#0"},
				"down": {"uv": [9, 1, 15, 7], "texture": "#0"}
			}
		},
		{
			"from": [6, 5.25, 0.5],
			"to": [6.5, 6.25, 1],
			"rotation": {"angle": 0, "axis": "y", "origin": [5.5, 5.25, 0.5]},
			"faces": {
				"north": {"uv": [9, 1, 15, 7], "texture": "#0"},
				"east": {"uv": [9, 1, 15, 7], "texture": "#0"},
				"south": {"uv": [9, 1, 15, 7], "texture": "#0"},
				"west": {"uv": [9, 1, 15, 7], "texture": "#0"},
				"up": {"uv": [9, 1, 15, 7], "texture": "#0"},
				"down": {"uv": [9, 1, 15, 7], "texture": "#0"}
			}
		},
		{
			"from": [6, 5.25, 1.5],
			"to": [6.5, 6.25, 2],
			"rotation": {"angle": 0, "axis": "y", "origin": [5.5, 5.25, 1.5]},
			"faces": {
				"north": {"uv": [9, 1, 15, 7], "texture": "#0"},
				"east": {"uv": [9, 1, 15, 7], "texture": "#0"},
				"south": {"uv": [9, 1, 15, 7], "texture": "#0"},
				"west": {"uv": [9, 1, 15, 7], "texture": "#0"},
				"up": {"uv": [9, 1, 15, 7], "texture": "#0"},
				"down": {"uv": [9, 1, 15, 7], "texture": "#0"}
			}
		},
		{
			"from": [7, 5.25, 2.5],
			"to": [7.5, 6.25, 3],
			"rotation": {"angle": 0, "axis": "y", "origin": [6.5, 5.25, 2.5]},
			"faces": {
				"north": {"uv": [9, 1, 15, 7], "texture": "#0"},
				"east": {"uv": [9, 1, 15, 7], "texture": "#0"},
				"south": {"uv": [9, 1, 15, 7], "texture": "#0"},
				"west": {"uv": [9, 1, 15, 7], "texture": "#0"},
				"up": {"uv": [9, 1, 15, 7], "texture": "#0"},
				"down": {"uv": [9, 1, 15, 7], "texture": "#0"}
			}
		},
		{
			"from": [7, 5.25, 3.5],
			"to": [7.5, 6.25, 4],
			"rotation": {"angle": 0, "axis": "y", "origin": [6.5, 5.25, 3.5]},
			"faces": {
				"north": {"uv": [9, 1, 15, 7], "texture": "#0"},
				"east": {"uv": [9, 1, 15, 7], "texture": "#0"},
				"south": {"uv": [9, 1, 15, 7], "texture": "#0"},
				"west": {"uv": [9, 1, 15, 7], "texture": "#0"},
				"up": {"uv": [9, 1, 15, 7], "texture": "#0"},
				"down": {"uv": [9, 1, 15, 7], "texture": "#0"}
			}
		},
		{
			"from": [6, 5.25, 2.5],
			"to": [6.5, 6.25, 3],
			"rotation": {"angle": 0, "axis": "y", "origin": [5.5, 5.25, 2.5]},
			"faces": {
				"north": {"uv": [9, 1, 15, 7], "texture": "#0"},
				"east": {"uv": [9, 1, 15, 7], "texture": "#0"},
				"south": {"uv": [9, 1, 15, 7], "texture": "#0"},
				"west": {"uv": [9, 1, 15, 7], "texture": "#0"},
				"up": {"uv": [9, 1, 15, 7], "texture": "#0"},
				"down": {"uv": [9, 1, 15, 7], "texture": "#0"}
			}
		},
		{
			"from": [6, 5.25, 3.5],
			"to": [6.5, 6.25, 4],
			"rotation": {"angle": 0, "axis": "y", "origin": [5.5, 5.25, 3.5]},
			"faces": {
				"north": {"uv": [9, 1, 15, 7], "texture": "#0"},
				"east": {"uv": [9, 1, 15, 7], "texture": "#0"},
				"south": {"uv": [9, 1, 15, 7], "texture": "#0"},
				"west": {"uv": [9, 1, 15, 7], "texture": "#0"},
				"up": {"uv": [9, 1, 15, 7], "texture": "#0"},
				"down": {"uv": [9, 1, 15, 7], "texture": "#0"}
			}
		},
		{
			"from": [7, 5.25, 4.5],
			"to": [7.5, 6.25, 5],
			"rotation": {"angle": 0, "axis": "y", "origin": [6.5, 5.25, 4.5]},
			"faces": {
				"north": {"uv": [9, 1, 15, 7], "texture": "#0"},
				"east": {"uv": [9, 1, 15, 7], "texture": "#0"},
				"south": {"uv": [9, 1, 15, 7], "texture": "#0"},
				"west": {"uv": [9, 1, 15, 7], "texture": "#0"},
				"up": {"uv": [9, 1, 15, 7], "texture": "#0"},
				"down": {"uv": [9, 1, 15, 7], "texture": "#0"}
			}
		},
		{
			"from": [7, 5.25, 5.5],
			"to": [7.5, 6.25, 6],
			"rotation": {"angle": 0, "axis": "y", "origin": [6.5, 5.25, 5.5]},
			"faces": {
				"north": {"uv": [9, 1, 15, 7], "texture": "#0"},
				"east": {"uv": [9, 1, 15, 7], "texture": "#0"},
				"south": {"uv": [9, 1, 15, 7], "texture": "#0"},
				"west": {"uv": [9, 1, 15, 7], "texture": "#0"},
				"up": {"uv": [9, 1, 15, 7], "texture": "#0"},
				"down": {"uv": [9, 1, 15, 7], "texture": "#0"}
			}
		},
		{
			"from": [6, 5.25, 4.5],
			"to": [6.5, 6.25, 5],
			"rotation": {"angle": 0, "axis": "y", "origin": [5.5, 5.25, 4.5]},
			"faces": {
				"north": {"uv": [9, 1, 15, 7], "texture": "#0"},
				"east": {"uv": [9, 1, 15, 7], "texture": "#0"},
				"south": {"uv": [9, 1, 15, 7], "texture": "#0"},
				"west": {"uv": [9, 1, 15, 7], "texture": "#0"},
				"up": {"uv": [9, 1, 15, 7], "texture": "#0"},
				"down": {"uv": [9, 1, 15, 7], "texture": "#0"}
			}
		},
		{
			"from": [6, 5.25, 5.5],
			"to": [6.5, 6.25, 6],
			"rotation": {"angle": 0, "axis": "y", "origin": [5.5, 5.25, 5.5]},
			"faces": {
				"north": {"uv": [9, 1, 15, 7], "texture": "#0"},
				"east": {"uv": [9, 1, 15, 7], "texture": "#0"},
				"south": {"uv": [9, 1, 15, 7], "texture": "#0"},
				"west": {"uv": [9, 1, 15, 7], "texture": "#0"},
				"up": {"uv": [9, 1, 15, 7], "texture": "#0"},
				"down": {"uv": [9, 1, 15, 7], "texture": "#0"}
			}
		},
		{
			"from": [7, 5.25, 6.5],
			"to": [7.5, 6.25, 7],
			"rotation": {"angle": 0, "axis": "y", "origin": [6.5, 5.25, 6.5]},
			"faces": {
				"north": {"uv": [9, 1, 15, 7], "texture": "#0"},
				"east": {"uv": [9, 1, 15, 7], "texture": "#0"},
				"south": {"uv": [9, 1, 15, 7], "texture": "#0"},
				"west": {"uv": [9, 1, 15, 7], "texture": "#0"},
				"up": {"uv": [9, 1, 15, 7], "texture": "#0"},
				"down": {"uv": [9, 1, 15, 7], "texture": "#0"}
			}
		},
		{
			"from": [7, 5.25, 7.5],
			"to": [7.5, 6.25, 8],
			"rotation": {"angle": 0, "axis": "y", "origin": [6.5, 5.25, 7.5]},
			"faces": {
				"north": {"uv": [9, 1, 15, 7], "texture": "#0"},
				"east": {"uv": [9, 1, 15, 7], "texture": "#0"},
				"south": {"uv": [9, 1, 15, 7], "texture": "#0"},
				"west": {"uv": [9, 1, 15, 7], "texture": "#0"},
				"up": {"uv": [9, 1, 15, 7], "texture": "#0"},
				"down": {"uv": [9, 1, 15, 7], "texture": "#0"}
			}
		},
		{
			"from": [6, 5.25, 6.5],
			"to": [6.5, 6.25, 7],
			"rotation": {"angle": 0, "axis": "y", "origin": [5.5, 5.25, 6.5]},
			"faces": {
				"north": {"uv": [9, 1, 15, 7], "texture": "#0"},
				"east": {"uv": [9, 1, 15, 7], "texture": "#0"},
				"south": {"uv": [9, 1, 15, 7], "texture": "#0"},
				"west": {"uv": [9, 1, 15, 7], "texture": "#0"},
				"up": {"uv": [9, 1, 15, 7], "texture": "#0"},
				"down": {"uv": [9, 1, 15, 7], "texture": "#0"}
			}
		},
		{
			"from": [6, 5.25, 7.5],
			"to": [6.5, 6.25, 8],
			"rotation": {"angle": 0, "axis": "y", "origin": [5.5, 5.25, 7.5]},
			"faces": {
				"north": {"uv": [9, 1, 15, 7], "texture": "#0"},
				"east": {"uv": [9, 1, 15, 7], "texture": "#0"},
				"south": {"uv": [9, 1, 15, 7], "texture": "#0"},
				"west": {"uv": [9, 1, 15, 7], "texture": "#0"},
				"up": {"uv": [9, 1, 15, 7], "texture": "#0"},
				"down": {"uv": [9, 1, 15, 7], "texture": "#0"}
			}
		},
		{
			"from": [5, 5.25, 4.5],
			"to": [5.5, 6.25, 9],
			"rotation": {"angle": 0, "axis": "y", "origin": [4.5, 5.25, 7.5]},
			"faces": {
				"north": {"uv": [9, 1, 15, 7], "texture": "#0"},
				"east": {"uv": [9, 1, 15, 7], "texture": "#0"},
				"south": {"uv": [9, 1, 15, 7], "texture": "#0"},
				"west": {"uv": [9, 1, 15, 7], "texture": "#0"},
				"up": {"uv": [9, 1, 15, 7], "texture": "#0"},
				"down": {"uv": [9, 1, 15, 7], "texture": "#0"}
			}
		},
		{
			"from": [7, 5.25, 8.5],
			"to": [7.5, 6.25, 9],
			"rotation": {"angle": 0, "axis": "y", "origin": [6.5, 5.25, 8.5]},
			"faces": {
				"north": {"uv": [9, 1, 15, 7], "texture": "#0"},
				"east": {"uv": [9, 1, 15, 7], "texture": "#0"},
				"south": {"uv": [9, 1, 15, 7], "texture": "#0"},
				"west": {"uv": [9, 1, 15, 7], "texture": "#0"},
				"up": {"uv": [9, 1, 15, 7], "texture": "#0"},
				"down": {"uv": [9, 1, 15, 7], "texture": "#0"}
			}
		},
		{
			"from": [7, 5.25, 9.5],
			"to": [7.5, 6.25, 10],
			"rotation": {"angle": 0, "axis": "y", "origin": [6.5, 5.25, 9.5]},
			"faces": {
				"north": {"uv": [9, 1, 15, 7], "texture": "#0"},
				"east": {"uv": [9, 1, 15, 7], "texture": "#0"},
				"south": {"uv": [9, 1, 15, 7], "texture": "#0"},
				"west": {"uv": [9, 1, 15, 7], "texture": "#0"},
				"up": {"uv": [9, 1, 15, 7], "texture": "#0"},
				"down": {"uv": [9, 1, 15, 7], "texture": "#0"}
			}
		},
		{
			"from": [6, 5.25, 8.5],
			"to": [6.5, 6.25, 9],
			"rotation": {"angle": 0, "axis": "y", "origin": [5.5, 5.25, 8.5]},
			"faces": {
				"north": {"uv": [9, 1, 15, 7], "texture": "#0"},
				"east": {"uv": [9, 1, 15, 7], "texture": "#0"},
				"south": {"uv": [9, 1, 15, 7], "texture": "#0"},
				"west": {"uv": [9, 1, 15, 7], "texture": "#0"},
				"up": {"uv": [9, 1, 15, 7], "texture": "#0"},
				"down": {"uv": [9, 1, 15, 7], "texture": "#0"}
			}
		},
		{
			"from": [6, 5.25, 9.5],
			"to": [6.5, 6.25, 10],
			"rotation": {"angle": 0, "axis": "y", "origin": [5.5, 5.25, 9.5]},
			"faces": {
				"north": {"uv": [9, 1, 15, 7], "texture": "#0"},
				"east": {"uv": [9, 1, 15, 7], "texture": "#0"},
				"south": {"uv": [9, 1, 15, 7], "texture": "#0"},
				"west": {"uv": [9, 1, 15, 7], "texture": "#0"},
				"up": {"uv": [9, 1, 15, 7], "texture": "#0"},
				"down": {"uv": [9, 1, 15, 7], "texture": "#0"}
			}
		},
		{
			"from": [7, 5.25, 10.5],
			"to": [7.5, 6.25, 11],
			"rotation": {"angle": 0, "axis": "y", "origin": [6.5, 5.25, 10.5]},
			"faces": {
				"north": {"uv": [9, 1, 15, 7], "texture": "#0"},
				"east": {"uv": [9, 1, 15, 7], "texture": "#0"},
				"south": {"uv": [9, 1, 15, 7], "texture": "#0"},
				"west": {"uv": [9, 1, 15, 7], "texture": "#0"},
				"up": {"uv": [9, 1, 15, 7], "texture": "#0"},
				"down": {"uv": [9, 1, 15, 7], "texture": "#0"}
			}
		},
		{
			"from": [7, 5.25, 11.5],
			"to": [7.5, 6.25, 12],
			"rotation": {"angle": 0, "axis": "y", "origin": [6.5, 5.25, 11.5]},
			"faces": {
				"north": {"uv": [9, 1, 15, 7], "texture": "#0"},
				"east": {"uv": [9, 1, 15, 7], "texture": "#0"},
				"south": {"uv": [9, 1, 15, 7], "texture": "#0"},
				"west": {"uv": [9, 1, 15, 7], "texture": "#0"},
				"up": {"uv": [9, 1, 15, 7], "texture": "#0"},
				"down": {"uv": [9, 1, 15, 7], "texture": "#0"}
			}
		},
		{
			"from": [6, 5.25, 10.5],
			"to": [6.5, 6.25, 11],
			"rotation": {"angle": 0, "axis": "y", "origin": [5.5, 5.25, 10.5]},
			"faces": {
				"north": {"uv": [9, 1, 15, 7], "texture": "#0"},
				"east": {"uv": [9, 1, 15, 7], "texture": "#0"},
				"south": {"uv": [9, 1, 15, 7], "texture": "#0"},
				"west": {"uv": [9, 1, 15, 7], "texture": "#0"},
				"up": {"uv": [9, 1, 15, 7], "texture": "#0"},
				"down": {"uv": [9, 1, 15, 7], "texture": "#0"}
			}
		},
		{
			"from": [6, 5.25, 11.5],
			"to": [6.5, 6.25, 12],
			"rotation": {"angle": 0, "axis": "y", "origin": [5.5, 5.25, 11.5]},
			"faces": {
				"north": {"uv": [9, 1, 15, 7], "texture": "#0"},
				"east": {"uv": [9, 1, 15, 7], "texture": "#0"},
				"south": {"uv": [9, 1, 15, 7], "texture": "#0"},
				"west": {"uv": [9, 1, 15, 7], "texture": "#0"},
				"up": {"uv": [9, 1, 15, 7], "texture": "#0"},
				"down": {"uv": [9, 1, 15, 7], "texture": "#0"}
			}
		},
		{
			"from": [7, 5.25, 13.5],
			"to": [7.5, 6.25, 14],
			"rotation": {"angle": 0, "axis": "y", "origin": [6.5, 5.25, 13.5]},
			"faces": {
				"north": {"uv": [9, 1, 15, 7], "texture": "#0"},
				"east": {"uv": [9, 1, 15, 7], "texture": "#0"},
				"south": {"uv": [9, 1, 15, 7], "texture": "#0"},
				"west": {"uv": [9, 1, 15, 7], "texture": "#0"},
				"up": {"uv": [9, 1, 15, 7], "texture": "#0"},
				"down": {"uv": [9, 1, 15, 7], "texture": "#0"}
			}
		},
		{
			"from": [6, 5.25, 13.5],
			"to": [6.5, 6.25, 14],
			"rotation": {"angle": 0, "axis": "y", "origin": [5.5, 5.25, 13.5]},
			"faces": {
				"north": {"uv": [9, 1, 15, 7], "texture": "#0"},
				"east": {"uv": [9, 1, 15, 7], "texture": "#0"},
				"south": {"uv": [9, 1, 15, 7], "texture": "#0"},
				"west": {"uv": [9, 1, 15, 7], "texture": "#0"},
				"up": {"uv": [9, 1, 15, 7], "texture": "#0"},
				"down": {"uv": [9, 1, 15, 7], "texture": "#0"}
			}
		},
		{
			"from": [7, 5.25, 14.5],
			"to": [7.5, 6.25, 15],
			"rotation": {"angle": 0, "axis": "y", "origin": [6.5, 5.25, 14.5]},
			"faces": {
				"north": {"uv": [9, 1, 15, 7], "texture": "#0"},
				"east": {"uv": [9, 1, 15, 7], "texture": "#0"},
				"south": {"uv": [9, 1, 15, 7], "texture": "#0"},
				"west": {"uv": [9, 1, 15, 7], "texture": "#0"},
				"up": {"uv": [9, 1, 15, 7], "texture": "#0"},
				"down": {"uv": [9, 1, 15, 7], "texture": "#0"}
			}
		},
		{
			"from": [7, 5.25, 15.5],
			"to": [7.5, 6.25, 16],
			"rotation": {"angle": 0, "axis": "y", "origin": [6.5, 5.25, 15.5]},
			"faces": {
				"north": {"uv": [9, 1, 15, 7], "texture": "#0"},
				"east": {"uv": [9, 1, 15, 7], "texture": "#0"},
				"south": {"uv": [9, 1, 15, 7], "texture": "#0"},
				"west": {"uv": [9, 1, 15, 7], "texture": "#0"},
				"up": {"uv": [9, 1, 15, 7], "texture": "#0"},
				"down": {"uv": [9, 1, 15, 7], "texture": "#0"}
			}
		},
		{
			"from": [6, 5.25, 14.5],
			"to": [6.5, 6.25, 15],
			"rotation": {"angle": 0, "axis": "y", "origin": [5.5, 5.25, 14.5]},
			"faces": {
				"north": {"uv": [9, 1, 15, 7], "texture": "#0"},
				"east": {"uv": [9, 1, 15, 7], "texture": "#0"},
				"south": {"uv": [9, 1, 15, 7], "texture": "#0"},
				"west": {"uv": [9, 1, 15, 7], "texture": "#0"},
				"up": {"uv": [9, 1, 15, 7], "texture": "#0"},
				"down": {"uv": [9, 1, 15, 7], "texture": "#0"}
			}
		},
		{
			"from": [6, 5.25, 15.5],
			"to": [6.5, 6.25, 16],
			"rotation": {"angle": 0, "axis": "y", "origin": [5.5, 5.25, 15.5]},
			"faces": {
				"north": {"uv": [9, 1, 15, 7], "texture": "#0"},
				"east": {"uv": [9, 1, 15, 7], "texture": "#0"},
				"south": {"uv": [9, 1, 15, 7], "texture": "#0"},
				"west": {"uv": [9, 1, 15, 7], "texture": "#0"},
				"up": {"uv": [9, 1, 15, 7], "texture": "#0"},
				"down": {"uv": [9, 1, 15, 7], "texture": "#0"}
			}
		},
		{
			"from": [5, 5.25, 15.5],
			"to": [5.5, 6.25, 16],
			"rotation": {"angle": 0, "axis": "y", "origin": [4.5, 5.25, 15.5]},
			"faces": {
				"north": {"uv": [9, 1, 15, 7], "texture": "#0"},
				"east": {"uv": [9, 1, 15, 7], "texture": "#0"},
				"south": {"uv": [9, 1, 15, 7], "texture": "#0"},
				"west": {"uv": [9, 1, 15, 7], "texture": "#0"},
				"up": {"uv": [9, 1, 15, 7], "texture": "#0"},
				"down": {"uv": [9, 1, 15, 7], "texture": "#0"}
			}
		},
		{
			"from": [5, 5.25, 14.5],
			"to": [5.5, 6.25, 15],
			"rotation": {"angle": 0, "axis": "y", "origin": [4.5, 5.25, 14.5]},
			"faces": {
				"north": {"uv": [9, 1, 15, 7], "texture": "#0"},
				"east": {"uv": [9, 1, 15, 7], "texture": "#0"},
				"south": {"uv": [9, 1, 15, 7], "texture": "#0"},
				"west": {"uv": [9, 1, 15, 7], "texture": "#0"},
				"up": {"uv": [9, 1, 15, 7], "texture": "#0"},
				"down": {"uv": [9, 1, 15, 7], "texture": "#0"}
			}
		},
		{
			"from": [5, 5.25, 13.5],
			"to": [5.5, 6.25, 14],
			"rotation": {"angle": 0, "axis": "y", "origin": [4.5, 5.25, 13.5]},
			"faces": {
				"north": {"uv": [9, 1, 15, 7], "texture": "#0"},
				"east": {"uv": [9, 1, 15, 7], "texture": "#0"},
				"south": {"uv": [9, 1, 15, 7], "texture": "#0"},
				"west": {"uv": [9, 1, 15, 7], "texture": "#0"},
				"up": {"uv": [9, 1, 15, 7], "texture": "#0"},
				"down": {"uv": [9, 1, 15, 7], "texture": "#0"}
			}
		},
		{
			"from": [5, 5.25, 11.5],
			"to": [5.5, 6.25, 12],
			"rotation": {"angle": 0, "axis": "y", "origin": [4.5, 5.25, 11.5]},
			"faces": {
				"north": {"uv": [9, 1, 15, 7], "texture": "#0"},
				"east": {"uv": [9, 1, 15, 7], "texture": "#0"},
				"south": {"uv": [9, 1, 15, 7], "texture": "#0"},
				"west": {"uv": [9, 1, 15, 7], "texture": "#0"},
				"up": {"uv": [9, 1, 15, 7], "texture": "#0"},
				"down": {"uv": [9, 1, 15, 7], "texture": "#0"}
			}
		},
		{
			"from": [5, 5.25, 10.5],
			"to": [5.5, 6.25, 11],
			"rotation": {"angle": 0, "axis": "y", "origin": [4.5, 5.25, 10.5]},
			"faces": {
				"north": {"uv": [9, 1, 15, 7], "texture": "#0"},
				"east": {"uv": [9, 1, 15, 7], "texture": "#0"},
				"south": {"uv": [9, 1, 15, 7], "texture": "#0"},
				"west": {"uv": [9, 1, 15, 7], "texture": "#0"},
				"up": {"uv": [9, 1, 15, 7], "texture": "#0"},
				"down": {"uv": [9, 1, 15, 7], "texture": "#0"}
			}
		},
		{
			"from": [5, 5.25, 9.5],
			"to": [5.5, 6.25, 10],
			"rotation": {"angle": 0, "axis": "y", "origin": [4.5, 5.25, 9.5]},
			"faces": {
				"north": {"uv": [9, 1, 15, 7], "texture": "#0"},
				"east": {"uv": [9, 1, 15, 7], "texture": "#0"},
				"south": {"uv": [9, 1, 15, 7], "texture": "#0"},
				"west": {"uv": [9, 1, 15, 7], "texture": "#0"},
				"up": {"uv": [9, 1, 15, 7], "texture": "#0"},
				"down": {"uv": [9, 1, 15, 7], "texture": "#0"}
			}
		},
		{
			"from": [5, 5.25, 3.5],
			"to": [5.5, 6.25, 4],
			"rotation": {"angle": 0, "axis": "y", "origin": [4.5, 5.25, 3.5]},
			"faces": {
				"north": {"uv": [9, 1, 15, 7], "texture": "#0"},
				"east": {"uv": [9, 1, 15, 7], "texture": "#0"},
				"south": {"uv": [9, 1, 15, 7], "texture": "#0"},
				"west": {"uv": [9, 1, 15, 7], "texture": "#0"},
				"up": {"uv": [9, 1, 15, 7], "texture": "#0"},
				"down": {"uv": [9, 1, 15, 7], "texture": "#0"}
			}
		},
		{
			"from": [5, 5.25, 2.5],
			"to": [5.5, 6.25, 3],
			"rotation": {"angle": 0, "axis": "y", "origin": [4.5, 5.25, 2.5]},
			"faces": {
				"north": {"uv": [9, 1, 15, 7], "texture": "#0"},
				"east": {"uv": [9, 1, 15, 7], "texture": "#0"},
				"south": {"uv": [9, 1, 15, 7], "texture": "#0"},
				"west": {"uv": [9, 1, 15, 7], "texture": "#0"},
				"up": {"uv": [9, 1, 15, 7], "texture": "#0"},
				"down": {"uv": [9, 1, 15, 7], "texture": "#0"}
			}
		},
		{
			"from": [5, 5.25, 1.5],
			"to": [5.5, 6.25, 2],
			"rotation": {"angle": 0, "axis": "y", "origin": [4.5, 5.25, 1.5]},
			"faces": {
				"north": {"uv": [9, 1, 15, 7], "texture": "#0"},
				"east": {"uv": [9, 1, 15, 7], "texture": "#0"},
				"south": {"uv": [9, 1, 15, 7], "texture": "#0"},
				"west": {"uv": [9, 1, 15, 7], "texture": "#0"},
				"up": {"uv": [9, 1, 15, 7], "texture": "#0"},
				"down": {"uv": [9, 1, 15, 7], "texture": "#0"}
			}
		},
		{
			"from": [5, 5.25, 0.5],
			"to": [5.5, 6.25, 1],
			"rotation": {"angle": 0, "axis": "y", "origin": [4.5, 5.25, 0.5]},
			"faces": {
				"north": {"uv": [9, 1, 15, 7], "texture": "#0"},
				"east": {"uv": [9, 1, 15, 7], "texture": "#0"},
				"south": {"uv": [9, 1, 15, 7], "texture": "#0"},
				"west": {"uv": [9, 1, 15, 7], "texture": "#0"},
				"up": {"uv": [9, 1, 15, 7], "texture": "#0"},
				"down": {"uv": [9, 1, 15, 7], "texture": "#0"}
			}
		},
		{
			"name": "Screen",
			"from": [10.75, 8, 0],
			"to": [11, 17, 16],
			"rotation": {"angle": -22.5, "axis": "z", "origin": [11.75, 6, 8]},
			"faces": {
				"north": {"uv": [0, 0, 2, 9], "texture": "#1"},
				"east": {"uv": [0, 0, 2, 9], "texture": "#1"},
				"south": {"uv": [0, 0, 2, 9], "texture": "#1"},
				"west": {"uv": [0, 0, 16, 16], "texture": "#1"},
				"up": {"uv": [0, 0, 2, 9], "texture": "#1"},
				"down": {"uv": [0, 0, 2, 9], "texture": "#1"}
			}
		},
		{
			"from": [10.5, 17, -1],
			"to": [11.5, 18, 17],
			"rotation": {"angle": -22.5, "axis": "z", "origin": [11.75, 6, 8]},
			"faces": {
				"north": {"uv": [1, 1, 7, 7], "texture": "#0"},
				"east": {"uv": [1, 1, 7, 7], "texture": "#0"},
				"south": {"uv": [1, 1, 7, 7], "texture": "#0"},
				"west": {"uv": [1, 1, 7, 7], "texture": "#0"},
				"up": {"uv": [1, 1, 7, 7], "texture": "#0"},
				"down": {"uv": [1, 1, 7, 7], "texture": "#0"}
			}
		},
		{
			"from": [10.5, 8, 16],
			"to": [11.5, 17, 17],
			"rotation": {"angle": -22.5, "axis": "z", "origin": [11.75, 6, 8]},
			"faces": {
				"north": {"uv": [1, 1, 7, 7], "texture": "#0"},
				"east": {"uv": [1, 1, 7, 7], "texture": "#0"},
				"south": {"uv": [1, 1, 7, 7], "texture": "#0"},
				"west": {"uv": [1, 1, 7, 7], "texture": "#0"},
				"up": {"uv": [1, 1, 7, 7], "texture": "#0"},
				"down": {"uv": [1, 1, 7, 7], "texture": "#0"}
			}
		},
		{
			"from": [10.5, 8, -1],
			"to": [11.5, 17, 0],
			"rotation": {"angle": -22.5, "axis": "z", "origin": [11.75, 6, 8]},
			"faces": {
				"north": {"uv": [1, 1, 7, 7], "texture": "#0"},
				"east": {"uv": [1, 1, 7, 7], "texture": "#0"},
				"south": {"uv": [1, 1, 7, 7], "texture": "#0"},
				"west": {"uv": [1, 1, 7, 7], "texture": "#0"},
				"up": {"uv": [1, 1, 7, 7], "texture": "#0"},
				"down": {"uv": [1, 1, 7, 7], "texture": "#0"}
			}
		},
		{
			"from": [10.5, 5, -1],
			"to": [11.5, 8, 17],
			"rotation": {"angle": -22.5, "axis": "z", "origin": [11.75, 6, 8]},
			"faces": {
				"north": {"uv": [1, 1, 7, 7], "texture": "#0"},
				"east": {"uv": [1, 1, 7, 7], "texture": "#0"},
				"south": {"uv": [1, 1, 7, 7], "texture": "#0"},
				"west": {"uv": [1, 1, 7, 7], "texture": "#0"},
				"up": {"uv": [1, 1, 7, 7], "texture": "#0"},
				"down": {"uv": [1, 1, 7, 7], "texture": "#0"}
			}
		},
		{
			"from": [11.5, 8, 0],
			"to": [11.5, 17, 16],
			"rotation": {"angle": -22.5, "axis": "z", "origin": [11.75, 6, 8]},
			"faces": {
				"north": {"uv": [1, 1, 7, 7], "texture": "#0"},
				"east": {"uv": [1, 1, 7, 7], "texture": "#0"},
				"south": {"uv": [1, 1, 7, 7], "texture": "#0"},
				"west": {"uv": [1, 1, 7, 7], "texture": "#0"},
				"up": {"uv": [1, 1, 7, 7], "texture": "#0"},
				"down": {"uv": [1, 1, 7, 7], "texture": "#0"}
			}
		}
	],
	"display": {
		"fixed": {
			"rotation": [-90, 0, 0],
			"translation": [12, 0, -4],
			"scale": [1.5, 1.5, 1.5]
		}
	},
	"groups": [
		{
			"name": "Lap",
			"origin": [0, 0, 0],
			"color": 0,
			"children": [
				0,
				1,
				{
					"name": "Keys",
					"origin": [0, 0, 0],
					"color": 0,
					"children": [
						2,
						3,
						4,
						5,
						6,
						7,
						8,
						9,
						10,
						11,
						12,
						13,
						14,
						15,
						16,
						17,
						18,
						19,
						20,
						21,
						22,
						23,
						24,
						25,
						26,
						27,
						28,
						29,
						30,
						31,
						32,
						33,
						34,
						35,
						36,
						37,
						38,
						39,
						40,
						41,
						42,
						43,
						44,
						45,
						46,
						47,
						48,
						49,
						50,
						51,
						52,
						53,
						54,
						55,
						56,
						57,
						58,
						59,
						60,
						61,
						62,
						63,
						64,
						65,
						66,
						67,
						68,
						69,
						70,
						71,
						72
					]
				}
			]
		},
		{
			"name": "Top",
			"origin": [0, 0, 0],
			"color": 0,
			"children": [73, 74, 75, 76, 77, 78]
		}
	]
}