{
	"credit": "Made with Blockbench",
	"textures": {
		"0": "item/written_book",
		"particle": "item/written_book"
	},
	"elements": [
		{
			"from": [0, 0, 0],
			"to": [16, 16, 2],
			"faces": {
				"north": {"uv": [0, 0, 16, 16], "texture": "#0"},
				"east": {"uv": [0, 0, 16, 16], "texture": "#0"},
				"south": {"uv": [0, 0, 16, 16], "texture": "#0"},
				"west": {"uv": [0, 0, 16, 16], "texture": "#0"},
				"up": {"uv": [0, 0, 16, 16], "texture": "#0"},
				"down": {"uv": [0, 0, 16, 16], "texture": "#0"}
			}
		}
	],
	"display": {
		"thirdperson_righthand": {
			"translation": [0, -2, 2],
			"scale": [0, 0, 0]
		}
	}
}